Date;S&P;Dividend;S&P precent;Dividend percent;Total percent
1871.01;4.44;0.26;1;0.00487988;1.00487988
1871.02;4.5;0.26;1.013513514;0.004814815;1.018328329
1871.03;4.61;0.26;1.024444444;0.004699928;1.029144372
1871.04;4.74;0.26;1.028199566;0.004571027;1.032770593
1871.05;4.86;0.26;1.025316456;0.004458162;1.029774618
1871.06;4.82;0.26;0.991769547;0.004495159;0.996264706
1871.07;4.73;0.26;0.981327801;0.004580691;0.985908492
1871.08;4.79;0.26;1.012684989;0.004523312;1.017208301
1871.09;4.84;0.26;1.010438413;0.004476584;1.014914997
1871.1;4.59;0.26;0.948347107;0.004720407;0.953067514
1871.11;4.64;0.26;1.010893246;0.00466954;1.015562786
1871.12;4.74;0.26;1.021551724;0.004571027;1.026122751
1872.01;4.86;0.26;1.025316456;0.004458162;1.029774618
1872.02;4.88;0.27;1.004115226;0.004610656;1.008725882
1872.03;5.04;0.27;1.032786885;0.004464286;1.037251171
1872.04;5.18;0.27;1.027777778;0.004343629;1.032121407
1872.05;5.18;0.28;1;0.004504505;1.004504505
1872.06;5.13;0.28;0.99034749;0.004548408;0.994895898
1872.07;5.1;0.28;0.994152047;0.004575163;0.99872721
1872.08;5.04;0.29;0.988235294;0.004794974;0.993030268
1872.09;4.95;0.29;0.982142857;0.004882155;0.987025012
1872.1;4.97;0.29;1.004040404;0.004862508;1.008902912
1872.11;4.95;0.3;0.995975855;0.005050505;1.00102636
1872.12;5.07;0.3;1.024242424;0.004930966;1.02917339
1873.01;5.11;0.3;1.007889546;0.004892368;1.012781914
1873.02;5.15;0.31;1.007827789;0.005016181;1.01284397
1873.03;5.11;0.31;0.99223301;0.005055447;0.997288457
1873.04;5.04;0.31;0.98630137;0.005125661;0.991427031
1873.05;5.05;0.31;1.001984127;0.005115512;1.007099639
1873.06;4.98;0.32;0.986138614;0.005354752;0.991493366
1873.07;4.97;0.32;0.997991968;0.005365526;1.003357494
1873.08;4.97;0.32;1;0.005365526;1.005365526
1873.09;4.59;0.32;0.923541247;0.005809731;0.929350978
1873.1;4.19;0.33;0.912854031;0.006563246;0.919417277
1873.11;4.04;0.33;0.964200477;0.006806931;0.971007408
1873.12;4.42;0.33;1.094059406;0.006221719;1.100281125
1874.01;4.66;0.33;1.054298643;0.005901288;1.060199931
1874.02;4.8;0.33;1.030042918;0.005729167;1.035772085
1874.03;4.73;0.33;0.985416667;0.005813953;0.99123062
1874.04;4.6;0.33;0.972515856;0.005978261;0.978494117
1874.05;4.48;0.33;0.973913043;0.006138393;0.980051436
1874.06;4.46;0.33;0.995535714;0.006165919;1.001701633
1874.07;4.46;0.33;1;0.006165919;1.006165919
1874.08;4.47;0.33;1.002242152;0.006152125;1.008394277
1874.09;4.54;0.33;1.015659955;0.006057269;1.021717224
1874.1;4.53;0.33;0.997797357;0.00607064;1.003867997
1874.11;4.57;0.33;1.008830022;0.006017505;1.014847527
1874.12;4.54;0.33;0.993435449;0.006057269;0.999492718
1875.01;4.54;0.33;1;0.006057269;1.006057269
1875.02;4.53;0.33;0.997797357;0.00607064;1.003867997
1875.03;4.59;0.32;1.013245033;0.005809731;1.019054764
1875.04;4.65;0.32;1.013071895;0.005734767;1.018806662
1875.05;4.47;0.32;0.961290323;0.005965697;0.96725602
1875.06;4.38;0.32;0.979865772;0.00608828;0.985954052
1875.07;4.39;0.31;1.002283105;0.005884586;1.008167691
1875.08;4.41;0.31;1.004555809;0.005857899;1.010413708
1875.09;4.37;0.31;0.990929705;0.005911518;0.996841223
1875.1;4.3;0.31;0.983981693;0.006007752;0.989989445
1875.11;4.37;0.3;1.01627907;0.005720824;1.021999894
1875.12;4.37;0.3;1;0.005720824;1.005720824
1876.01;4.46;0.3;1.020594966;0.005605381;1.026200347
1876.02;4.52;0.3;1.013452915;0.005530973;1.018983888
1876.03;4.51;0.3;0.997787611;0.005543237;1.003330848
1876.04;4.34;0.3;0.962305987;0.005760369;0.968066356
1876.05;4.18;0.3;0.963133641;0.005980861;0.969114502
1876.06;4.15;0.3;0.992822967;0.006024096;0.998847063
1876.07;4.1;0.3;0.987951807;0.006097561;0.994049368
1876.08;3.93;0.3;0.958536585;0.006361323;0.964897908
1876.09;3.69;0.3;0.938931298;0.006775068;0.945706366
1876.1;3.67;0.3;0.994579946;0.006811989;1.001391935
1876.11;3.6;0.3;0.980926431;0.006944444;0.987870875
1876.12;3.58;0.3;0.994444444;0.00698324;1.001427684
1877.01;3.55;0.29;0.991620112;0.006807512;0.998427624
1877.02;3.34;0.28;0.94084507;0.006986028;0.947831098
1877.03;3.17;0.27;0.949101796;0.007097792;0.956199588
1877.04;2.94;0.26;0.927444795;0.007369615;0.93481441
1877.05;2.94;0.25;1;0.007086168;1.007086168
1877.06;2.73;0.25;0.928571429;0.007631258;0.936202687
1877.07;2.85;0.24;1.043956044;0.007017544;1.050973588
1877.08;3.05;0.23;1.070175439;0.006284153;1.076459592
1877.09;3.24;0.22;1.062295082;0.005658436;1.067953518
1877.1;3.31;0.21;1.021604938;0.005287009;1.026891947
1877.11;3.26;0.2;0.98489426;0.005112474;0.990006734
1877.12;3.25;0.19;0.996932515;0.004871795;1.00180431
1878.01;3.25;0.19;1;0.004871795;1.004871795
1878.02;3.18;0.19;0.978461538;0.004979036;0.983440574
1878.03;3.24;0.19;1.018867925;0.004886831;1.023754756
1878.04;3.33;0.19;1.027777778;0.004754755;1.032532533
1878.05;3.34;0.19;1.003003003;0.004740519;1.007743522
1878.06;3.41;0.19;1.020958084;0.004643206;1.02560129
1878.07;3.48;0.18;1.020527859;0.004310345;1.024838204
1878.08;3.45;0.18;0.99137931;0.004347826;0.995727136
1878.09;3.52;0.18;1.020289855;0.004261364;1.024551219
1878.1;3.48;0.18;0.988636364;0.004310345;0.992946709
1878.11;3.47;0.18;0.997126437;0.004322767;1.001449204
1878.12;3.45;0.18;0.994236311;0.004347826;0.998584137
1879.01;3.58;0.18;1.037681159;0.004189944;1.041871103
1879.02;3.71;0.18;1.036312849;0.004043127;1.040355976
1879.03;3.65;0.19;0.983827493;0.0043379;0.988165393
1879.04;3.77;0.19;1.032876712;0.004199823;1.037076535
1879.05;3.94;0.19;1.045092838;0.004018613;1.049111451
1879.06;3.96;0.19;1.005076142;0.003998316;1.009074458
1879.07;4.04;0.19;1.02020202;0.003919142;1.024121162
1879.08;4.07;0.19;1.007425743;0.003890254;1.011315997
1879.09;4.22;0.2;1.036855037;0.003949447;1.040804484
1879.1;4.68;0.2;1.109004739;0.003561254;1.112565993
1879.11;4.93;0.2;1.053418803;0.003380663;1.056799466
1879.12;4.92;0.2;0.997971602;0.003387534;1.001359136
1880.01;5.11;0.21;1.038617886;0.003424658;1.042042544
1880.02;5.2;0.21;1.017612524;0.003365385;1.020977909
1880.03;5.3;0.22;1.019230769;0.003459119;1.022689888
1880.04;5.18;0.22;0.977358491;0.003539254;0.980897745
1880.05;4.77;0.23;0.920849421;0.004018169;0.92486759
1880.06;4.79;0.23;1.004192872;0.004001392;1.008194264
1880.07;5.01;0.24;1.045929019;0.003992016;1.049921035
1880.08;5.19;0.24;1.035928144;0.003853565;1.039781709
1880.09;5.18;0.25;0.998073218;0.004021879;1.002095097
1880.1;5.33;0.25;1.028957529;0.003908693;1.032866222
1880.11;5.61;0.26;1.052532833;0.003862151;1.056394984
1880.12;5.84;0.26;1.040998217;0.003710046;1.044708263
1881.01;6.19;0.27;1.059931507;0.003634895;1.063566402
1881.02;6.17;0.27;0.996768982;0.003646677;1.000415659
1881.03;6.24;0.28;1.011345219;0.003739316;1.015084535
1881.04;6.22;0.28;0.996794872;0.00375134;1.000546212
1881.05;6.5;0.29;1.045016077;0.003717949;1.048734026
1881.06;6.58;0.29;1.012307692;0.003672746;1.015980438
1881.07;6.35;0.3;0.965045593;0.003937008;0.968982601
1881.08;6.2;0.3;0.976377953;0.004032258;0.980410211
1881.09;6.25;0.31;1.008064516;0.004133333;1.012197849
1881.1;6.15;0.31;0.984;0.004200542;0.988200542
1881.11;6.19;0.32;1.006504065;0.004308024;1.010812089
1881.12;6.01;0.32;0.97092084;0.004437049;0.975357889
1882.01;5.92;0.32;0.985024958;0.004504505;0.989529463
1882.02;5.79;0.32;0.978040541;0.004605642;0.982646183
1882.03;5.78;0.32;0.998272884;0.00461361;1.002886494
1882.04;5.78;0.32;1;0.00461361;1.00461361
1882.05;5.71;0.32;0.987889273;0.004670169;0.992559442
1882.06;5.68;0.32;0.99474606;0.004694836;0.999440896
1882.07;6;0.32;1.056338028;0.004444444;1.060782472
1882.08;6.18;0.32;1.03;0.004314995;1.034314995
1882.09;6.24;0.32;1.009708738;0.004273504;1.013982242
1882.1;6.07;0.32;0.97275641;0.004393191;0.977149601
1882.11;5.81;0.32;0.957166392;0.004589788;0.96175618
1882.12;5.84;0.32;1.005163511;0.00456621;1.009729721
1883.01;5.81;0.32;0.994863014;0.004589788;0.999452802
1883.02;5.68;0.32;0.977624785;0.004694836;0.982319621
1883.03;5.75;0.32;1.012323944;0.004637681;1.016961625
1883.04;5.87;0.32;1.020869565;0.004542873;1.025412438
1883.05;5.77;0.32;0.982964225;0.004621606;0.987585831
1883.06;5.82;0.33;1.008665511;0.004725086;1.013390597
1883.07;5.73;0.33;0.984536082;0.004799302;0.989335384
1883.08;5.47;0.33;0.954624782;0.005027422;0.959652204
1883.09;5.53;0.33;1.010968921;0.004972875;1.015941796
1883.1;5.38;0.33;0.972875226;0.005111524;0.97798675
1883.11;5.46;0.33;1.014869888;0.00503663;1.019906518
1883.12;5.34;0.33;0.978021978;0.005149813;0.983171791
1884.01;5.18;0.33;0.970037453;0.00530888;0.975346333
1884.02;5.32;0.33;1.027027027;0.005169173;1.0321962
1884.03;5.3;0.33;0.996240602;0.005188679;1.001429281
1884.04;5.06;0.32;0.954716981;0.005270092;0.959987073
1884.05;4.65;0.32;0.918972332;0.005734767;0.924707099
1884.06;4.46;0.32;0.959139785;0.005979073;0.965118858
1884.07;4.46;0.32;1;0.005979073;1.005979073
1884.08;4.74;0.32;1.062780269;0.005625879;1.068406148
1884.09;4.59;0.32;0.96835443;0.005809731;0.974164161
1884.1;4.44;0.31;0.967320261;0.005818318;0.973138579
1884.11;4.35;0.31;0.97972973;0.005938697;0.985668427
1884.12;4.34;0.31;0.997701149;0.005952381;1.00365353
1885.01;4.24;0.3;0.976958525;0.005896226;0.982854751
1885.02;4.37;0.3;1.030660377;0.005720824;1.036381201
1885.03;4.38;0.29;1.00228833;0.005517504;1.007805834
1885.04;4.37;0.29;0.997716895;0.00553013;1.003247025
1885.05;4.32;0.28;0.988558352;0.005401235;0.993959587
1885.06;4.3;0.28;0.99537037;0.005426357;1.000796727
1885.07;4.46;0.27;1.037209302;0.005044843;1.042254145
1885.08;4.71;0.26;1.056053812;0.004600142;1.060653954
1885.09;4.65;0.26;0.987261146;0.004659498;0.991920644
1885.1;4.92;0.25;1.058064516;0.004234417;1.062298933
1885.11;5.24;0.25;1.06504065;0.003975827;1.069016477
1885.12;5.2;0.24;0.992366412;0.003846154;0.996212566
1886.01;5.2;0.24;1;0.003846154;1.003846154
1886.02;5.3;0.24;1.019230769;0.003773585;1.023004354
1886.03;5.19;0.24;0.979245283;0.003853565;0.983098848
1886.04;5.12;0.23;0.986512524;0.00374349;0.990256014
1886.05;5.02;0.23;0.98046875;0.003818061;0.984286811
1886.06;5.25;0.23;1.045816733;0.003650794;1.049467527
1886.07;5.33;0.23;1.015238095;0.003595997;1.018834092
1886.08;5.37;0.23;1.00750469;0.003569212;1.011073902
1886.09;5.51;0.23;1.026070764;0.003478524;1.029549288
1886.1;5.65;0.22;1.025408348;0.003244838;1.028653186
1886.11;5.79;0.22;1.024778761;0.003166379;1.02794514
1886.12;5.64;0.22;0.974093264;0.003250591;0.977343855
1887.01;5.58;0.22;0.989361702;0.003285544;0.992647246
1887.02;5.54;0.23;0.992831541;0.003459687;0.996291228
1887.03;5.67;0.23;1.023465704;0.003380364;1.026846068
1887.04;5.8;0.23;1.02292769;0.003304598;1.026232288
1887.05;5.9;0.23;1.017241379;0.003248588;1.020489967
1887.06;5.73;0.24;0.971186441;0.003490401;0.974676842
1887.07;5.59;0.24;0.97556719;0.003577818;0.979145008
1887.08;5.45;0.24;0.974955277;0.003669725;0.978625002
1887.09;5.38;0.24;0.987155963;0.003717472;0.990873435
1887.1;5.2;0.25;0.966542751;0.00400641;0.970549161
1887.11;5.3;0.25;1.019230769;0.003930818;1.023161587
1887.12;5.27;0.25;0.994339623;0.003953194;0.998292817
1888.01;5.31;0.25;1.007590133;0.003923415;1.011513548
1888.02;5.28;0.25;0.994350282;0.003945707;0.998295989
1888.03;5.08;0.25;0.962121212;0.00410105;0.966222262
1888.04;5.1;0.24;1.003937008;0.003921569;1.007858577
1888.05;5.17;0.24;1.01372549;0.003868472;1.017593962
1888.06;5.01;0.24;0.969052224;0.003992016;0.97304424
1888.07;5.14;0.24;1.025948104;0.003891051;1.029839155
1888.08;5.25;0.24;1.021400778;0.003809524;1.025210302
1888.09;5.38;0.24;1.024761905;0.003717472;1.028479377
1888.1;5.35;0.23;0.994423792;0.003582555;0.998006347
1888.11;5.24;0.23;0.979439252;0.003657761;0.983097013
1888.12;5.14;0.23;0.980916031;0.003728923;0.984644954
1889.01;5.24;0.23;1.019455253;0.003657761;1.023113014
1889.02;5.3;0.23;1.011450382;0.003616352;1.015066734
1889.03;5.19;0.23;0.979245283;0.003692999;0.982938282
1889.04;5.18;0.23;0.998073218;0.003700129;1.001773347
1889.05;5.32;0.23;1.027027027;0.003602757;1.030629784
1889.06;5.41;0.23;1.016917293;0.003542822;1.020460115
1889.07;5.3;0.22;0.979667283;0.003459119;0.983126402
1889.08;5.37;0.22;1.013207547;0.003414029;1.016621576
1889.09;5.5;0.22;1.024208566;0.003333333;1.027541899
1889.1;5.4;0.22;0.981818182;0.003395062;0.985213244
1889.11;5.35;0.22;0.990740741;0.003426791;0.994167532
1889.12;5.32;0.22;0.994392523;0.003446115;0.997838638
1890.01;5.38;0.22;1.011278195;0.003407683;1.014685878
1890.02;5.32;0.22;0.988847584;0.003446115;0.992293699
1890.03;5.28;0.22;0.992481203;0.003472222;0.995953425
1890.04;5.39;0.22;1.020833333;0.003401361;1.024234694
1890.05;5.62;0.22;1.042671614;0.003262159;1.045933773
1890.06;5.58;0.22;0.992882562;0.003285544;0.996168106
1890.07;5.54;0.22;0.992831541;0.003309266;0.996140807
1890.08;5.41;0.22;0.976534296;0.003388786;0.979923082
1890.09;5.32;0.22;0.98336414;0.003446115;0.986810255
1890.1;5.08;0.22;0.954887218;0.003608924;0.958496142
1890.11;4.71;0.22;0.927165354;0.003892427;0.931057781
1890.12;4.6;0.22;0.976645435;0.003985507;0.980630942
1891.01;4.84;0.22;1.052173913;0.003787879;1.055961792
1891.02;4.9;0.22;1.012396694;0.003741497;1.016138191
1891.03;4.81;0.22;0.981632653;0.003811504;0.985444157
1891.04;4.97;0.22;1.033264033;0.003688799;1.036952832
1891.05;4.95;0.22;0.995975855;0.003703704;0.999679559
1891.06;4.85;0.22;0.97979798;0.003780069;0.983578049
1891.07;4.77;0.22;0.983505155;0.003843466;0.987348621
1891.08;4.93;0.22;1.033542977;0.003718729;1.037261706
1891.09;5.33;0.22;1.081135903;0.00343965;1.084575553
1891.1;5.33;0.22;1;0.00343965;1.00343965
1891.11;5.25;0.22;0.984990619;0.003492063;0.988482682
1891.12;5.41;0.22;1.03047619;0.003388786;1.033864976
1892.01;5.51;0.22;1.018484288;0.003327284;1.021811572
1892.02;5.52;0.22;1.001814882;0.003321256;1.005136138
1892.03;5.58;0.23;1.010869565;0.003434886;1.014304451
1892.04;5.57;0.23;0.998207885;0.003441053;1.001648938
1892.05;5.57;0.23;1;0.003441053;1.003441053
1892.06;5.54;0.23;0.994614004;0.003459687;0.998073691
1892.07;5.54;0.23;1;0.003459687;1.003459687
1892.08;5.62;0.23;1.014440433;0.003410439;1.017850872
1892.09;5.48;0.24;0.975088968;0.003649635;0.978738603
1892.1;5.59;0.24;1.020072993;0.003577818;1.023650811
1892.11;5.57;0.24;0.996422182;0.003590664;1.000012846
1892.12;5.51;0.24;0.989228007;0.003629764;0.992857771
1893.01;5.61;0.24;1.01814882;0.003565062;1.021713882
1893.02;5.51;0.24;0.982174688;0.003629764;0.985804452
1893.03;5.31;0.24;0.963702359;0.003766478;0.967468837
1893.04;5.31;0.24;1;0.003766478;1.003766478
1893.05;4.84;0.24;0.911487759;0.004132231;0.91561999
1893.06;4.61;0.25;0.952479339;0.004519161;0.9569985
1893.07;4.18;0.25;0.906724512;0.004984051;0.911708563
1893.08;4.08;0.25;0.976076555;0.005106209;0.981182764
1893.09;4.37;0.25;1.071078431;0.004767353;1.075845784
1893.1;4.5;0.25;1.029748284;0.00462963;1.034377914
1893.11;4.57;0.25;1.015555556;0.004558716;1.020114272
1893.12;4.41;0.25;0.964989059;0.004724112;0.969713171
1894.01;4.32;0.25;0.979591837;0.004822531;0.984414368
1894.02;4.38;0.24;1.013888889;0.00456621;1.018455099
1894.03;4.51;0.24;1.029680365;0.00443459;1.034114955
1894.04;4.57;0.24;1.013303769;0.004376368;1.017680137
1894.05;4.4;0.23;0.962800875;0.004356061;0.967156936
1894.06;4.34;0.23;0.986363636;0.004416283;0.990779919
1894.07;4.25;0.23;0.979262673;0.004509804;0.983772477
1894.08;4.41;0.22;1.037647059;0.004157218;1.041804277
1894.09;4.48;0.22;1.015873016;0.004092262;1.019965278
1894.1;4.34;0.22;0.96875;0.00422427;0.97297427
1894.11;4.34;0.21;1;0.004032258;1.004032258
1894.12;4.3;0.21;0.99078341;0.004069767;0.994853177
1895.01;4.25;0.21;0.988372093;0.004117647;0.99248974
1895.02;4.19;0.21;0.985882353;0.004176611;0.990058964
1895.03;4.19;0.21;1;0.004176611;1.004176611
1895.04;4.37;0.2;1.042959427;0.003813883;1.04677331
1895.05;4.61;0.2;1.054919908;0.003615329;1.058535237
1895.06;4.7;0.2;1.019522777;0.003546099;1.023068876
1895.07;4.72;0.2;1.004255319;0.003531073;1.007786392
1895.08;4.79;0.2;1.014830508;0.003479471;1.018309979
1895.09;4.82;0.2;1.006263048;0.003457815;1.009720863
1895.1;4.75;0.19;0.985477178;0.003333333;0.988810511
1895.11;4.59;0.19;0.966315789;0.003449528;0.969765317
1895.12;4.32;0.19;0.941176471;0.003665123;0.944841594
1896.01;4.27;0.19;0.988425926;0.003708041;0.992133967
1896.02;4.45;0.19;1.042154567;0.003558052;1.045712619
1896.03;4.38;0.19;0.984269663;0.003614916;0.987884579
1896.04;4.42;0.19;1.00913242;0.003582202;1.012714622
1896.05;4.4;0.19;0.995475113;0.003598485;0.999073598
1896.06;4.32;0.19;0.981818182;0.003665123;0.985483305
1896.07;4.04;0.18;0.935185185;0.003712871;0.938898056
1896.08;3.81;0.18;0.943069307;0.003937008;0.947006315
1896.09;4.01;0.18;1.052493438;0.003740648;1.056234086
1896.1;4.1;0.18;1.02244389;0.003658537;1.026102427
1896.11;4.38;0.18;1.068292683;0.003424658;1.071717341
1896.12;4.22;0.18;0.96347032;0.003554502;0.967024822
1897.01;4.22;0.18;1;0.003554502;1.003554502
1897.02;4.18;0.18;0.990521327;0.003588517;0.994109844
1897.03;4.19;0.18;1.002392344;0.003579952;1.005972296
1897.04;4.06;0.18;0.968973747;0.003694581;0.972668328
1897.05;4.08;0.18;1.004926108;0.003676471;1.008602579
1897.06;4.27;0.18;1.046568627;0.003512881;1.050081508
1897.07;4.46;0.18;1.044496487;0.003363229;1.047859716
1897.08;4.75;0.18;1.065022422;0.003157895;1.068180317
1897.09;4.98;0.18;1.048421053;0.003012048;1.051433101
1897.1;4.82;0.18;0.967871486;0.003112033;0.970983519
1897.11;4.65;0.18;0.96473029;0.003225806;0.967956096
1897.12;4.75;0.18;1.021505376;0.003157895;1.024663271
1898.01;4.88;0.18;1.027368421;0.00307377;1.030442191
1898.02;4.87;0.18;0.99795082;0.003080082;1.001030902
1898.03;4.65;0.19;0.954825462;0.003405018;0.95823048
1898.04;4.57;0.19;0.982795699;0.003464624;0.986260323
1898.05;4.87;0.19;1.065645514;0.003251198;1.068896712
1898.06;5.06;0.19;1.039014374;0.003129117;1.042143491
1898.07;5.08;0.19;1.003952569;0.003116798;1.007069367
1898.08;5.27;0.19;1.037401575;0.003004428;1.040406003
1898.09;5.26;0.2;0.998102467;0.003168568;1.001271035
1898.1;5.15;0.2;0.979087452;0.003236246;0.982323698
1898.11;5.32;0.2;1.033009709;0.003132832;1.036142541
1898.12;5.65;0.2;1.062030075;0.002949853;1.064979928
1899.01;6.08;0.2;1.076106195;0.002741228;1.078847423
1899.02;6.31;0.2;1.037828947;0.00264131;1.040470257
1899.03;6.4;0.2;1.014263074;0.002604167;1.016867241
1899.04;6.48;0.2;1.0125;0.002572016;1.015072016
1899.05;6.21;0.2;0.958333333;0.002683843;0.961017176
1899.06;6.07;0.21;0.977455717;0.002883031;0.980338748
1899.07;6.28;0.21;1.034596376;0.002786624;1.037383
1899.08;6.44;0.21;1.025477707;0.002717391;1.028195098
1899.09;6.37;0.21;0.989130435;0.002747253;0.991877688
1899.1;6.34;0.21;0.995290424;0.002760252;0.998050676
1899.11;6.46;0.21;1.018927445;0.002708978;1.021636423
1899.12;6.02;0.21;0.931888545;0.002906977;0.934795522
1900.01;6.1;0.22;1.013289037;0.003005464;1.016294501
1900.02;6.21;0.23;1.018032787;0.00308642;1.021119207
1900.03;6.26;0.23;1.00805153;0.003061768;1.011113298
1900.04;6.34;0.24;1.012779553;0.003154574;1.015934127
1900.05;6.04;0.25;0.952681388;0.003449227;0.956130615
1900.06;5.86;0.26;0.970198675;0.003697383;0.973896058
1900.07;5.86;0.26;1;0.003697383;1.003697383
1900.08;5.94;0.27;1.013651877;0.003787879;1.017439756
1900.09;5.8;0.28;0.976430976;0.004022989;0.980453965
1900.1;6.01;0.29;1.036206897;0.004021076;1.040227973
1900.11;6.48;0.29;1.078202995;0.003729424;1.081932419
1900.12;6.87;0.3;1.060185185;0.00363901;1.063824195
1901.01;7.07;0.3;1.029112082;0.003536068;1.03264815
1901.02;7.25;0.3;1.025459689;0.003448276;1.028907965
1901.03;7.51;0.31;1.035862069;0.003439858;1.039301927
1901.04;8.14;0.31;1.083888149;0.003173628;1.087061777
1901.05;7.73;0.31;0.94963145;0.003341958;0.952973408
1901.06;8.5;0.31;1.099611902;0.003039216;1.102651118
1901.07;7.93;0.31;0.932941176;0.003257671;0.936198847
1901.08;8.04;0.31;1.013871375;0.003213101;1.017084476
1901.09;8;0.32;0.995024876;0.003333333;0.998358209
1901.1;7.91;0.32;0.98875;0.00337126;0.99212126
1901.11;8.08;0.32;1.021491783;0.00330033;1.024792113
1901.12;7.95;0.32;0.983910891;0.003354298;0.987265189
1902.01;8.12;0.32;1.021383648;0.003284072;1.02466772
1902.02;8.19;0.32;1.00862069;0.003256003;1.011876693
1902.03;8.2;0.32;1.001221001;0.003252033;1.004473034
1902.04;8.48;0.32;1.034146341;0.003144654;1.037290995
1902.05;8.46;0.32;0.997641509;0.003152088;1.000793597
1902.06;8.41;0.33;0.994089835;0.003269917;0.997359752
1902.07;8.6;0.33;1.022592152;0.003197674;1.025789826
1902.08;8.83;0.33;1.026744186;0.003114383;1.029858569
1902.09;8.85;0.33;1.002265006;0.003107345;1.005372351
1902.1;8.57;0.33;0.968361582;0.003208868;0.97157045
1902.11;8.24;0.33;0.961493582;0.003337379;0.964830961
1902.12;8.05;0.33;0.976941748;0.003416149;0.980357897
1903.01;8.46;0.33;1.050931677;0.003250591;1.054182268
1903.02;8.41;0.33;0.994089835;0.003269917;0.997359752
1903.03;8.08;0.34;0.960760999;0.003506601;0.9642676
1903.04;7.75;0.34;0.959158416;0.003655914;0.96281433
1903.05;7.6;0.34;0.980645161;0.00372807;0.984373231
1903.06;7.18;0.34;0.944736842;0.003946147;0.948682989
1903.07;6.85;0.34;0.954038997;0.004136253;0.95817525
1903.08;6.63;0.34;0.967883212;0.004273504;0.972156716
1903.09;6.47;0.35;0.97586727;0.004507986;0.980375256
1903.1;6.26;0.35;0.967542504;0.004659212;0.972201716
1903.11;6.28;0.35;1.003194888;0.004644374;1.007839262
1903.12;6.57;0.35;1.046178344;0.004439371;1.050617715
1904.01;6.68;0.35;1.01674277;0.004366267;1.021109037
1904.02;6.5;0.34;0.973053892;0.004358974;0.977412866
1904.03;6.48;0.34;0.996923077;0.004372428;1.001295505
1904.04;6.64;0.34;1.024691358;0.004267068;1.028958426
1904.05;6.5;0.33;0.978915663;0.004230769;0.983146432
1904.06;6.51;0.33;1.001538462;0.00422427;1.005762732
1904.07;6.78;0.33;1.041474654;0.004056047;1.045530701
1904.08;7.01;0.32;1.033923304;0.003804089;1.037727393
1904.09;7.32;0.32;1.044222539;0.003642987;1.047865526
1904.1;7.75;0.32;1.058743169;0.00344086;1.062184029
1904.11;8.17;0.31;1.054193548;0.003161975;1.057355523
1904.12;8.25;0.31;1.009791922;0.003131313;1.012923235
1905.01;8.43;0.31;1.021818182;0.003064452;1.024882634
1905.02;8.8;0.31;1.043890866;0.002935606;1.046826472
1905.03;9.05;0.32;1.028409091;0.002946593;1.031355684
1905.04;8.94;0.32;0.987845304;0.002982849;0.990828153
1905.05;8.5;0.32;0.950782998;0.003137255;0.953920253
1905.06;8.6;0.32;1.011764706;0.003100775;1.014865481
1905.07;8.87;0.32;1.031395349;0.003006389;1.034401738
1905.08;9.2;0.32;1.037204059;0.002898551;1.04010261
1905.09;9.23;0.33;1.00326087;0.002979415;1.006240285
1905.1;9.36;0.33;1.014084507;0.002938034;1.017022541
1905.11;9.31;0.33;0.99465812;0.002953813;0.997611933
1905.12;9.54;0.33;1.024704619;0.0028826;1.027587219
1906.01;9.87;0.34;1.034591195;0.002870652;1.037461847
1906.02;9.8;0.34;0.992907801;0.002891156;0.995798957
1906.03;9.56;0.35;0.975510204;0.003050907;0.978561111
1906.04;9.43;0.35;0.986401674;0.003092966;0.98949464
1906.05;9.18;0.36;0.973488865;0.003267974;0.976756839
1906.06;9.3;0.37;1.013071895;0.003315412;1.016387307
1906.07;9.06;0.37;0.974193548;0.003403238;0.977596786
1906.08;9.73;0.38;1.073951435;0.003254539;1.077205974
1906.09;10.03;0.38;1.030832477;0.003157195;1.033989672
1906.1;9.73;0.39;0.970089731;0.003340185;0.973429916
1906.11;9.93;0.39;1.020554985;0.00327291;1.023827895
1906.12;9.84;0.4;0.990936556;0.003387534;0.99432409
1907.01;9.56;0.4;0.971544715;0.00348675;0.975031465
1907.02;9.26;0.41;0.968619247;0.003689705;0.972308952
1907.03;8.35;0.41;0.901727862;0.004091816;0.905819678
1907.04;8.39;0.41;1.004790419;0.004072308;1.008862727
1907.05;8.1;0.42;0.965435042;0.004320988;0.96975603
1907.06;7.84;0.42;0.967901235;0.004464286;0.972365521
1907.07;8.14;0.42;1.038265306;0.004299754;1.04256506
1907.08;7.53;0.43;0.925061425;0.004758743;0.929820168
1907.09;7.45;0.43;0.98937583;0.004809843;0.994185673
1907.1;6.64;0.43;0.891275168;0.005396586;0.896671754
1907.11;6.25;0.44;0.94126506;0.005866667;0.947131727
1907.12;6.57;0.44;1.0512;0.005580923;1.056780923
1908.01;6.85;0.44;1.04261796;0.005352798;1.047970758
1908.02;6.6;0.43;0.96350365;0.005429293;0.968932943
1908.03;6.87;0.43;1.040909091;0.005215915;1.046125006
1908.04;7.24;0.43;1.053857351;0.004949355;1.058806706
1908.05;7.63;0.42;1.053867403;0.004587156;1.058454559
1908.06;7.64;0.42;1.001310616;0.004581152;1.005891768
1908.07;7.92;0.42;1.036649215;0.004419192;1.041068407
1908.08;8.26;0.41;1.042929293;0.0041364;1.047065693
1908.09;8.17;0.41;0.989104116;0.004181967;0.993286083
1908.1;8.27;0.41;1.012239902;0.004131399;1.016371301
1908.11;8.83;0.4;1.067714631;0.003775009;1.07148964
1908.12;9.03;0.4;1.022650057;0.003691399;1.026341456
1909.01;9.06;0.4;1.003322259;0.003679176;1.007001435
1909.02;8.8;0.41;0.971302428;0.003882576;0.975185004
1909.03;8.92;0.41;1.013636364;0.003830344;1.017466708
1909.04;9.32;0.41;1.044843049;0.003665951;1.048509
1909.05;9.63;0.42;1.033261803;0.003634476;1.036896279
1909.06;9.8;0.42;1.017653167;0.003571429;1.021224596
1909.07;9.94;0.42;1.014285714;0.003521127;1.017806841
1909.08;10.18;0.43;1.024144869;0.003519974;1.027664843
1909.09;10.19;0.43;1.000982318;0.003516519;1.004498837
1909.1;10.23;0.43;1.003925417;0.00350277;1.007428187
1909.11;10.18;0.44;0.995112414;0.003601834;0.998714248
1909.12;10.3;0.44;1.011787819;0.003559871;1.01534769
1910.01;10.08;0.44;0.978640777;0.003637566;0.982278343
1910.02;9.72;0.45;0.964285714;0.003858025;0.968143739
1910.03;9.96;0.45;1.024691358;0.00376506;1.028456418
1910.04;9.72;0.45;0.975903614;0.003858025;0.979761639
1910.05;9.56;0.45;0.983539095;0.003922594;0.987461689
1910.06;9.1;0.46;0.951882845;0.004212454;0.956095299
1910.07;8.64;0.46;0.949450549;0.004436728;0.953887277
1910.08;8.85;0.46;1.024305556;0.00433145;1.028637006
1910.09;8.91;0.46;1.006779661;0.004302282;1.011081943
1910.1;9.32;0.47;1.046015713;0.004202432;1.050218145
1910.11;9.31;0.47;0.998927039;0.004206946;1.003133985
1910.12;9.05;0.47;0.97207304;0.004327808;0.976400848
1911.01;9.27;0.47;1.024309392;0.004225099;1.028534491
1911.02;9.43;0.47;1.017259978;0.004153411;1.021413389
1911.03;9.32;0.47;0.988335101;0.004202432;0.992537533
1911.04;9.28;0.47;0.995708155;0.004220546;0.999928701
1911.05;9.48;0.47;1.021551724;0.004131505;1.025683229
1911.06;9.67;0.47;1.020042194;0.004050327;1.024092521
1911.07;9.63;0.47;0.995863495;0.004067151;0.999930646
1911.08;9.17;0.47;0.952232606;0.004271174;0.95650378
1911.09;8.67;0.47;0.945474373;0.004517493;0.949991866
1911.1;8.72;0.47;1.005767013;0.00449159;1.010258603
1911.11;9.07;0.47;1.040137615;0.004318265;1.04445588
1911.12;9.11;0.47;1.004410143;0.004299305;1.008709448
1912.01;9.12;0.47;1.001097695;0.004294591;1.005392286
1912.02;9.04;0.47;0.99122807;0.004332596;0.995560666
1912.03;9.3;0.47;1.028761062;0.00421147;1.032972532
1912.04;9.59;0.47;1.031182796;0.004084115;1.035266911
1912.05;9.58;0.47;0.998957247;0.004088379;1.003045626
1912.06;9.58;0.48;1;0.004175365;1.004175365
1912.07;9.59;0.48;1.001043841;0.004171011;1.005214852
1912.08;9.81;0.48;1.022940563;0.004077472;1.027018035
1912.09;9.86;0.48;1.00509684;0.004056795;1.009153635
1912.1;9.84;0.48;0.997971602;0.004065041;1.002036643
1912.11;9.73;0.48;0.988821138;0.004110997;0.992932135
1912.12;9.38;0.48;0.964028777;0.004264392;0.968293169
1913.01;9.3;0.48;0.991471215;0.004301075;0.99577229
1913.02;8.97;0.48;0.964516129;0.004459309;0.968975438
1913.03;8.8;0.48;0.981047938;0.004545455;0.985593393
1913.04;8.79;0.48;0.998863636;0.004550626;1.003414262
1913.05;8.55;0.48;0.972696246;0.004678363;0.977374609
1913.06;8.12;0.48;0.949707602;0.004926108;0.95463371
1913.07;8.23;0.48;1.013546798;0.004860267;1.018407065
1913.08;8.45;0.48;1.02673147;0.004733728;1.031465198
1913.09;8.53;0.48;1.009467456;0.004689332;1.014156788
1913.1;8.26;0.48;0.968347011;0.004842615;0.973189626
1913.11;8.05;0.48;0.974576271;0.004968944;0.979545215
1913.12;8.04;0.48;0.998757764;0.004975124;1.003732888
1914.01;8.37;0.48;1.041044776;0.004778973;1.045823749
1914.02;8.48;0.47;1.013142174;0.004618711;1.017760885
1914.03;8.32;0.47;0.981132075;0.004707532;0.985839607
1914.04;8.12;0.46;0.975961538;0.004720854;0.980682392
1914.05;8.17;0.46;1.006157635;0.004691962;1.010849597
1914.06;8.13;0.45;0.995104039;0.004612546;0.999716585
1914.07;7.68;0.45;0.944649446;0.004882813;0.949532259
1914.08;7.68;0.44;1;0.004774306;1.004774306
1914.09;7.68;0.44;1;0.004774306;1.004774306
1914.1;7.68;0.43;1;0.004665799;1.004665799
1914.11;7.68;0.43;1;0.004665799;1.004665799
1914.12;7.35;0.42;0.95703125;0.004761905;0.961793155
1915.01;7.48;0.42;1.017687075;0.004679144;1.022366219
1915.02;7.38;0.42;0.986631016;0.004742547;0.991373563
1915.03;7.57;0.42;1.025745257;0.004623514;1.030368771
1915.04;8.14;0.42;1.075297226;0.004299754;1.07959698
1915.05;7.95;0.42;0.976658477;0.004402516;0.981060993
1915.06;8.04;0.43;1.011320755;0.004456882;1.015777637
1915.07;8.01;0.43;0.996268657;0.004473575;1.000742232
1915.08;8.35;0.43;1.042446941;0.004291417;1.046738358
1915.09;8.66;0.43;1.037125749;0.004137798;1.041263547
1915.1;9.14;0.43;1.055427252;0.003920496;1.059347748
1915.11;9.46;0.43;1.035010941;0.003787879;1.03879882
1915.12;9.48;0.43;1.002114165;0.003779887;1.005894052
1916.01;9.33;0.44;0.984177215;0.003929975;0.98810719
1916.02;9.2;0.45;0.986066452;0.004076087;0.990142539
1916.03;9.17;0.46;0.99673913;0.004180298;1.000919428
1916.04;9.07;0.47;0.989094875;0.004318265;0.99341314
1916.05;9.27;0.48;1.022050717;0.004314995;1.026365712
1916.06;9.36;0.5;1.009708738;0.004451567;1.014160305
1916.07;9.23;0.51;0.986111111;0.00460455;0.990715661
1916.08;9.3;0.52;1.007583965;0.004659498;1.012243463
1916.09;9.68;0.53;1.040860215;0.004562672;1.045422887
1916.1;9.98;0.54;1.030991736;0.004509018;1.035500754
1916.11;10.21;0.55;1.023046092;0.004489063;1.027535155
1916.12;9.8;0.56;0.959843291;0.004761905;0.964605196
1917.01;9.57;0.57;0.976530612;0.004963427;0.981494039
1917.02;9.03;0.58;0.943573668;0.005352529;0.948926197
1917.03;9.31;0.59;1.031007752;0.00528106;1.036288812
1917.04;9.17;0.6;0.984962406;0.005452563;0.990414969
1917.05;8.86;0.61;0.966194111;0.005737397;0.971931508
1917.06;9.04;0.63;1.020316027;0.005807522;1.026123549
1917.07;8.79;0.64;0.972345133;0.006067501;0.978412634
1917.08;8.53;0.65;0.970420933;0.006350137;0.97677107
1917.09;8.12;0.66;0.951934349;0.006773399;0.958707748
1917.1;7.68;0.67;0.945812808;0.007269965;0.953082773
1917.11;7.04;0.68;0.916666667;0.008049242;0.924715909
1917.12;6.8;0.69;0.965909091;0.008455882;0.974364973
1918.01;7.21;0.68;1.060294118;0.007859454;1.068153572
1918.02;7.43;0.67;1.030513176;0.007514581;1.038027757
1918.03;7.28;0.66;0.979811575;0.007554945;0.98736652
1918.04;7.21;0.65;0.990384615;0.007512714;0.997897329
1918.05;7.44;0.64;1.031900139;0.007168459;1.039068598
1918.06;7.45;0.63;1.001344086;0.00704698;1.008391066
1918.07;7.51;0.62;1.008053691;0.006879716;1.014933407
1918.08;7.58;0.61;1.009320905;0.006706245;1.01602715
1918.09;7.54;0.6;0.994722955;0.0066313;1.001354255
1918.1;7.86;0.59;1.042440318;0.006255301;1.048695619
1918.11;8.06;0.58;1.025445293;0.005996691;1.031441984
1918.12;7.9;0.57;0.980148883;0.006012658;0.986161541
1919.01;7.85;0.57;0.993670886;0.006050955;0.999721841
1919.02;7.88;0.56;1.003821656;0.005922166;1.009743822
1919.03;8.12;0.56;1.030456853;0.005747126;1.036203979
1919.04;8.39;0.56;1.033251232;0.005562177;1.038813409
1919.05;8.97;0.55;1.069129917;0.005109625;1.074239542
1919.06;9.21;0.55;1.026755853;0.004976475;1.031732328
1919.07;9.51;0.55;1.03257329;0.004819488;1.037392778
1919.08;8.87;0.54;0.932702419;0.005073281;0.9377757
1919.09;9.01;0.54;1.01578354;0.004994451;1.020777991
1919.1;9.47;0.54;1.051054384;0.004751848;1.055806232
1919.11;9.19;0.53;0.970432946;0.004805948;0.975238894
1919.12;8.92;0.53;0.970620239;0.00495142;0.975571659
1920.01;8.83;0.53;0.989910314;0.005001888;0.994912202
1920.02;8.1;0.53;0.917327293;0.005452675;0.922779968
1920.03;8.67;0.53;1.07037037;0.005094195;1.075464565
1920.04;8.6;0.52;0.991926182;0.00503876;0.996964942
1920.05;8.06;0.52;0.937209302;0.005376344;0.942585646
1920.06;7.92;0.52;0.982630273;0.00547138;0.988101653
1920.07;7.91;0.52;0.998737374;0.005478298;1.004215672
1920.08;7.6;0.52;0.960809102;0.005701754;0.966510856
1920.09;7.87;0.52;1.035526316;0.005506141;1.041032457
1920.1;7.88;0.51;1.001270648;0.005393401;1.006664049
1920.11;7.48;0.51;0.949238579;0.005681818;0.954920397
1920.12;6.81;0.51;0.910427807;0.006240822;0.916668629
1921.01;7.11;0.51;1.044052863;0.005977496;1.050030359
1921.02;7.06;0.5;0.992967651;0.005901794;0.998869445
1921.03;6.88;0.5;0.974504249;0.006056202;0.980560451
1921.04;6.91;0.49;1.004360465;0.00590931;1.010269775
1921.05;7.12;0.49;1.030390738;0.005735019;1.036125757
1921.06;6.55;0.49;0.91994382;0.006234097;0.926177917
1921.07;6.53;0.48;0.996946565;0.006125574;1.003072139
1921.08;6.45;0.48;0.987748851;0.00620155;0.993950401
1921.09;6.61;0.47;1.024806202;0.005925366;1.030731568
1921.1;6.7;0.47;1.013615734;0.005845771;1.019461505
1921.11;7.06;0.46;1.053731343;0.005429651;1.059160994
1921.12;7.31;0.46;1.035410765;0.005243958;1.040654723
1922.01;7.3;0.46;0.998632011;0.005251142;1.003883153
1922.02;7.46;0.47;1.021917808;0.005250223;1.027168031
1922.03;7.74;0.47;1.037533512;0.005060293;1.042593805
1922.04;8.21;0.48;1.060723514;0.004872107;1.065595621
1922.05;8.53;0.48;1.038976857;0.004689332;1.043666189
1922.06;8.45;0.49;0.990621336;0.004832347;0.995453683
1922.07;8.51;0.49;1.007100592;0.004798277;1.011898869
1922.08;8.83;0.49;1.03760282;0.004624387;1.042227207
1922.09;9.06;0.5;1.026047565;0.00459897;1.030646535
1922.1;9.26;0.5;1.022075055;0.00449964;1.026574695
1922.11;8.8;0.51;0.950323974;0.004829545;0.955153519
1922.12;8.78;0.51;0.997727273;0.004840547;1.00256782
1923.01;8.9;0.51;1.013667426;0.004775281;1.018442707
1923.02;9.28;0.51;1.042696629;0.004579741;1.04727637
1923.03;9.43;0.52;1.016163793;0.004595263;1.020759056
1923.04;9.1;0.52;0.965005302;0.004761905;0.969767207
1923.05;8.67;0.52;0.952747253;0.004998078;0.957745331
1923.06;8.34;0.52;0.961937716;0.005195843;0.967133559
1923.07;8.06;0.52;0.966426859;0.005376344;0.971803203
1923.08;8.1;0.52;1.004962779;0.005349794;1.010312573
1923.09;8.15;0.53;1.00617284;0.005419223;1.011592063
1923.1;8.03;0.53;0.985276074;0.005500208;0.990776282
1923.11;8.27;0.53;1.02988792;0.005340588;1.035228508
1923.12;8.55;0.53;1.033857316;0.005165692;1.039023008
1924.01;8.83;0.53;1.032748538;0.005001888;1.037750426
1924.02;8.87;0.53;1.004530011;0.004979331;1.009509342
1924.03;8.7;0.54;0.980834273;0.005172414;0.986006687
1924.04;8.5;0.54;0.977011494;0.005294118;0.982305612
1924.05;8.47;0.54;0.996470588;0.005312869;1.001783457
1924.06;8.63;0.54;1.018890201;0.005214368;1.024104569
1924.07;9.03;0.54;1.046349942;0.004983389;1.051333331
1924.08;9.34;0.54;1.034330011;0.004817987;1.039147998
1924.09;9.25;0.55;0.990364026;0.004954955;0.995318981
1924.1;9.13;0.55;0.987027027;0.00502008;0.992047107
1924.11;9.64;0.55;1.055859803;0.004754495;1.060614298
1924.12;10.16;0.55;1.053941909;0.004511155;1.058453064
1925.01;10.58;0.55;1.041338583;0.004332073;1.045670656
1925.02;10.67;0.56;1.008506616;0.004373633;1.012880249
1925.03;10.39;0.56;0.973758201;0.004491498;0.978249699
1925.04;10.28;0.57;0.989412897;0.004620623;0.99403352
1925.05;10.61;0.57;1.032101167;0.004476909;1.036578076
1925.06;10.8;0.58;1.017907634;0.004475309;1.022382943
1925.07;11.1;0.58;1.027777778;0.004354354;1.032132132
1925.08;11.25;0.58;1.013513514;0.004296296;1.01780981
1925.09;11.51;0.59;1.023111111;0.004271648;1.027382759
1925.1;11.89;0.59;1.03301477;0.004135128;1.037149898
1925.11;12.26;0.6;1.031118587;0.004078303;1.03519689
1925.12;12.46;0.6;1.016313214;0.004012841;1.020326055
1926.01;12.65;0.61;1.015248796;0.004018445;1.019267241
1926.02;12.67;0.62;1.001581028;0.004077874;1.005658902
1926.03;11.81;0.62;0.932123125;0.004374824;0.936497949
1926.04;11.48;0.63;0.972057578;0.004573171;0.976630749
1926.05;11.56;0.64;1.006968641;0.00461361;1.011582251
1926.06;12.11;0.65;1.047577855;0.004472887;1.052050742
1926.07;12.62;0.65;1.042113955;0.004292129;1.046406084
1926.08;13.12;0.66;1.039619651;0.004192073;1.043811724
1926.09;13.32;0.67;1.015243902;0.004191692;1.019435594
1926.1;13.02;0.68;0.977477477;0.004352279;0.981829756
1926.11;13.19;0.68;1.013056836;0.004296184;1.01735302
1926.12;13.49;0.69;1.022744503;0.004262417;1.02700692
1927.01;13.4;0.7;0.993328391;0.004353234;0.997681625
1927.02;13.66;0.7;1.019402985;0.004270376;1.023673361
1927.03;13.87;0.71;1.015373353;0.004265801;1.019639154
1927.04;14.21;0.72;1.024513338;0.004222379;1.028735717
1927.05;14.7;0.72;1.034482759;0.004081633;1.038564392
1927.06;14.89;0.73;1.01292517;0.004085516;1.017010686
1927.07;15.22;0.74;1.022162525;0.004051686;1.026214211
1927.08;16.03;0.74;1.053219448;0.003846954;1.057066402
1927.09;16.94;0.75;1.056768559;0.003689492;1.060458051
1927.1;16.68;0.76;0.984651712;0.003796962;0.988448674
1927.11;17.06;0.76;1.022781775;0.003712388;1.026494163
1927.12;17.46;0.77;1.023446659;0.003675067;1.027121726
1928.01;17.53;0.78;1.004009164;0.003707929;1.007717093
1928.02;17.32;0.78;0.988020536;0.003752887;0.991773423
1928.03;18.25;0.79;1.05369515;0.003607306;1.057302456
1928.04;19.4;0.8;1.063013699;0.003436426;1.066450125
1928.05;20;0.8;1.030927835;0.003333333;1.034261168
1928.06;19.02;0.81;0.951;0.003548896;0.954548896
1928.07;19.16;0.82;1.007360673;0.003566458;1.010927131
1928.08;19.78;0.82;1.032359081;0.003454668;1.035813749
1928.09;21.17;0.83;1.070273003;0.003267202;1.073540205
1928.1;21.6;0.84;1.020311762;0.003240741;1.023552503
1928.11;23.06;0.84;1.067592593;0.003035559;1.070628152
1928.12;23.15;0.85;1.003902862;0.003059755;1.006962617
1929.01;24.86;0.86;1.073866091;0.00288281;1.076748901
1929.02;24.99;0.87;1.005229284;0.00290116;1.008130444
1929.03;25.43;0.88;1.017607043;0.002883733;1.020490776
1929.04;25.28;0.89;0.994101455;0.002933808;0.997035263
1929.05;25.66;0.9;1.015031646;0.002922837;1.017954483
1929.06;26.15;0.91;1.019095869;0.002899936;1.021995805
1929.07;28.48;0.92;1.089101338;0.002691948;1.091793286
1929.08;30.1;0.93;1.056882022;0.002574751;1.059456773
1929.09;31.3;0.94;1.03986711;0.002502662;1.042369772
1929.1;27.99;0.95;0.894249201;0.002828391;0.897077592
1929.11;20.58;0.96;0.735262594;0.003887269;0.739149863
1929.12;21.4;0.97;1.039844509;0.003777259;1.043621768
1930.01;21.71;0.97;1.014485981;0.003723323;1.018209304
1930.02;23.07;0.97;1.062643943;0.003503829;1.066147772
1930.03;23.94;0.97;1.037711313;0.003376497;1.04108781
1930.04;25.46;0.97;1.063492063;0.003174915;1.066666978
1930.05;23.94;0.97;0.940298507;0.003376497;0.943675004
1930.06;21.52;0.98;0.898913952;0.003794919;0.902708871
1930.07;21.06;0.98;0.978624535;0.003877809;0.982502344
1930.08;20.79;0.98;0.987179487;0.003928171;0.991107658
1930.09;20.78;0.98;0.999519;0.003930061;1.003449061
1930.1;17.92;0.98;0.862367661;0.004557292;0.866924953
1930.11;16.62;0.98;0.927455357;0.004913759;0.932369116
1930.12;15.51;0.98;0.933212996;0.00526542;0.938478416
1931.01;15.98;0.97;1.03030303;0.005058406;1.035361436
1931.02;17.2;0.95;1.076345432;0.004602713;1.080948145
1931.03;17.53;0.94;1.019186047;0.00446853;1.023654577
1931.04;15.86;0.93;0.90473474;0.004886507;0.909621247
1931.05;14.33;0.91;0.903530895;0.005291928;0.908822823
1931.06;13.87;0.9;0.967899512;0.005407354;0.973306866
1931.07;14.33;0.89;1.033165105;0.005175622;1.038340727
1931.08;13.9;0.87;0.969993022;0.005215827;0.975208849
1931.09;11.83;0.86;0.851079137;0.006058045;0.857137182
1931.1;10.25;0.85;0.866441251;0.006910569;0.87335182
1931.11;10.39;0.83;1.013658537;0.006657042;1.020315579
1931.12;8.44;0.82;0.812319538;0.008096367;0.820415905
1932.01;8.3;0.79;0.983412322;0.007931727;0.991344049
1932.02;8.23;0.77;0.991566265;0.007796679;0.999362944
1932.03;8.26;0.74;1.0036452;0.007465698;1.011110898
1932.04;6.28;0.71;0.760290557;0.009421444;0.769712001
1932.05;5.51;0.69;0.877388535;0.010435572;0.887824107
1932.06;4.77;0.66;0.86569873;0.011530398;0.877229128
1932.07;5.01;0.63;1.050314465;0.010479042;1.060793507
1932.08;7.53;0.61;1.502994012;0.006750775;1.509744787
1932.09;8.26;0.58;1.096945551;0.005851493;1.102797044
1932.1;7.12;0.55;0.861985472;0.006437266;0.868422738
1932.11;7.05;0.53;0.990168539;0.006264775;0.996433314
1932.12;6.82;0.5;0.967375887;0.006109482;0.973485369
1933.01;7.09;0.5;1.039589443;0.005876822;1.045466265
1933.02;6.25;0.49;0.881523272;0.006533333;0.888056605
1933.03;6.23;0.49;0.9968;0.006554307;1.003354307
1933.04;6.89;0.48;1.105939005;0.005805515;1.11174452
1933.05;8.87;0.48;1.287373004;0.004509583;1.291882587
1933.06;10.39;0.47;1.171364149;0.00376965;1.175133799
1933.07;11.23;0.47;1.080846968;0.003487682;1.08433465
1933.08;10.67;0.46;0.950133571;0.003592627;0.953726198
1933.09;10.58;0.46;0.991565136;0.003623188;0.995188324
1933.1;9.55;0.45;0.902646503;0.003926702;0.906573205
1933.11;9.78;0.45;1.02408377;0.003834356;1.027918126
1933.12;9.97;0.44;1.019427403;0.0036777;1.023105103
1934.01;10.54;0.44;1.057171515;0.003478811;1.060650326
1934.02;11.32;0.44;1.074003795;0.003239105;1.0772429
1934.03;10.74;0.44;0.948763251;0.003414029;0.95217728
1934.04;10.92;0.44;1.016759777;0.003357753;1.02011753
1934.05;9.81;0.44;0.898351648;0.003737683;0.902089331
1934.06;9.94;0.45;1.013251784;0.003772636;1.01702442
1934.07;9.47;0.45;0.952716298;0.003959873;0.956676171
1934.08;9.1;0.45;0.96092925;0.004120879;0.965050129
1934.09;8.88;0.45;0.975824176;0.004222973;0.980047149
1934.1;8.95;0.45;1.007882883;0.004189944;1.012072827
1934.11;9.2;0.45;1.027932961;0.004076087;1.032009048
1934.12;9.26;0.45;1.006521739;0.004049676;1.010571415
1935.01;9.26;0.45;1;0.004049676;1.004049676
1935.02;8.98;0.45;0.969762419;0.004175947;0.973938366
1935.03;8.41;0.45;0.936525612;0.004458977;0.940984589
1935.04;9.04;0.45;1.07491082;0.00414823;1.07905905
1935.05;9.75;0.44;1.078539823;0.003760684;1.082300507
1935.06;10.12;0.44;1.037948718;0.003623188;1.041571906
1935.07;10.65;0.44;1.052371542;0.003442879;1.055814421
1935.08;11.37;0.44;1.067605634;0.003224861;1.070830495
1935.09;11.61;0.44;1.021108179;0.003158197;1.024266376
1935.1;11.92;0.45;1.02670112;0.003145973;1.029847093
1935.11;13.04;0.46;1.093959732;0.002939673;1.096899405
1935.12;13.04;0.47;1;0.003003579;1.003003579
1936.01;13.76;0.48;1.055214724;0.002906977;1.058121701
1936.02;14.55;0.49;1.057412791;0.002806415;1.060219206
1936.03;14.86;0.5;1.021305842;0.002803948;1.02410979
1936.04;14.88;0.52;1.001345895;0.002912186;1.004258081
1936.05;14.09;0.53;0.946908602;0.003134611;0.950043213
1936.06;14.69;0.55;1.042583392;0.003120036;1.045703428
1936.07;15.56;0.57;1.059223962;0.003052699;1.062276661
1936.08;15.87;0.59;1.019922879;0.003098089;1.023020968
1936.09;16.05;0.61;1.011342155;0.003167186;1.014509341
1936.1;16.89;0.65;1.052336449;0.003207026;1.055543475
1936.11;17.36;0.68;1.027827117;0.003264209;1.031091326
1936.12;17.06;0.72;0.982718894;0.003516999;0.986235893
1937.01;17.59;0.73;1.031066823;0.003458404;1.034525227
1937.02;18.11;0.74;1.029562251;0.003405117;1.032967368
1937.03;18.09;0.75;0.998895638;0.003454947;1.002350585
1937.04;17.01;0.78;0.940298507;0.003821282;0.944119789
1937.05;16.25;0.81;0.9553204;0.004153846;0.959474246
1937.06;15.64;0.84;0.962461538;0.004475703;0.966937241
1937.07;16.57;0.82;1.059462916;0.004123919;1.063586835
1937.08;16.74;0.79;1.010259505;0.003932696;1.014192201
1937.09;14.37;0.77;0.858422939;0.004465321;0.86288826
1937.1;12.28;0.78;0.854558107;0.00529316;0.859851267
1937.11;11.2;0.79;0.912052117;0.005877976;0.917930093
1937.12;11.02;0.8;0.983928571;0.006049607;0.989978178
1938.01;11.31;0.79;1.026315789;0.005820808;1.032136597
1938.02;11.04;0.79;0.976127321;0.005963164;0.982090485
1938.03;10.31;0.78;0.933876812;0.006304559;0.940181371
1938.04;9.89;0.77;0.959262852;0.006488035;0.965750887
1938.05;9.98;0.75;1.009100101;0.006262525;1.015362626
1938.06;10.21;0.74;1.023046092;0.00603983;1.029085922
1938.07;12.24;0.71;1.198824682;0.004833878;1.20365856
1938.08;12.31;0.69;1.005718954;0.004670999;1.010389953
1938.09;11.75;0.66;0.95450853;0.004680851;0.959189381
1938.1;13.06;0.61;1.111489362;0.003892292;1.115381654
1938.11;13.07;0.56;1.000765697;0.003570518;1.004336215
1938.12;12.69;0.51;0.970925784;0.003349094;0.974274878
1939.01;12.5;0.51;0.985027581;0.0034;0.988427581
1939.02;12.4;0.52;0.992;0.003494624;0.995494624
1939.03;12.39;0.52;0.999193548;0.003497444;1.002690992
1939.04;10.83;0.52;0.87409201;0.004001231;0.878093241
1939.05;11.23;0.53;1.036934441;0.003932918;1.040867359
1939.06;11.43;0.53;1.017809439;0.0038641;1.021673539
1939.07;11.71;0.54;1.024496938;0.003842869;1.028339807
1939.08;11.54;0.55;0.985482494;0.003971693;0.989454187
1939.09;12.77;0.56;1.106585789;0.003654398;1.110240187
1939.1;12.9;0.58;1.01018011;0.00374677;1.01392688
1939.11;12.67;0.6;0.982170543;0.00394633;0.986116873
1939.12;12.37;0.62;0.976322021;0.004176772;0.980498793
1940.01;12.3;0.62;0.994341148;0.004200542;0.99854169
1940.02;12.22;0.63;0.993495935;0.004296236;0.997792171
1940.03;12.15;0.63;0.994271686;0.004320988;0.998592674
1940.04;12.27;0.64;1.009876543;0.004346645;1.014223188
1940.05;10.58;0.64;0.862265689;0.005040958;0.867306647
1940.06;9.67;0.65;0.913988658;0.005601517;0.919590175
1940.07;9.99;0.66;1.033092037;0.005505506;1.038597543
1940.08;10.2;0.66;1.021021021;0.005392157;1.026413178
1940.09;10.63;0.67;1.042156863;0.00525243;1.047409293
1940.1;10.73;0.67;1.009407338;0.005203479;1.014610817
1940.11;10.98;0.67;1.023299161;0.005085003;1.028384164
1940.12;10.53;0.67;0.959016393;0.005302311;0.964318704
1941.01;10.55;0.67;1.001899335;0.005292259;1.007191594
1941.02;9.89;0.68;0.937440758;0.005729693;0.943170451
1941.03;9.95;0.68;1.006066734;0.005695142;1.011761876
1941.04;9.64;0.68;0.968844221;0.005878285;0.974722506
1941.05;9.43;0.69;0.978215768;0.006097561;0.984313329
1941.06;9.76;0.69;1.034994698;0.005891393;1.040886091
1941.07;10.26;0.69;1.051229508;0.005604288;1.056833796
1941.08;10.21;0.7;0.995126706;0.005713353;1.000840059
1941.09;10.24;0.7;1.002938296;0.005696615;1.008634911
1941.1;9.83;0.7;0.959960938;0.005934215;0.965895153
1941.11;9.37;0.71;0.953204476;0.006314479;0.959518955
1941.12;8.76;0.71;0.934898613;0.006754186;0.941652799
1942.01;8.93;0.7;1.019406393;0.006532288;1.025938681
1942.02;8.65;0.7;0.968645017;0.006743738;0.975388755
1942.03;8.18;0.69;0.94566474;0.00702934;0.95269408
1942.04;7.84;0.68;0.958435208;0.007227891;0.965663099
1942.05;7.93;0.67;1.011479592;0.007040773;1.018520365
1942.06;8.33;0.66;1.050441362;0.006602641;1.057044003
1942.07;8.64;0.65;1.037214886;0.00626929;1.043484176
1942.08;8.59;0.63;0.994212963;0.006111758;1.000324721
1942.09;8.68;0.62;1.010477299;0.005952381;1.01642968
1942.1;9.32;0.61;1.073732719;0.00545422;1.079186939
1942.11;9.47;0.6;1.016094421;0.005279831;1.021374252
1942.12;9.52;0.59;1.005279831;0.005164566;1.010444397
1943.01;10.09;0.59;1.05987395;0.004872811;1.064746761
1943.02;10.69;0.59;1.059464817;0.004599314;1.064064131
1943.03;11.07;0.59;1.03554724;0.004441433;1.039988673
1943.04;11.44;0.59;1.033423668;0.004297786;1.037721454
1943.05;11.89;0.59;1.039335664;0.004135128;1.043470792
1943.06;12.1;0.59;1.017661901;0.004063361;1.021725262
1943.07;12.35;0.59;1.020661157;0.003981107;1.024642264
1943.08;11.74;0.6;0.950607287;0.004258944;0.954866231
1943.09;11.99;0.6;1.021294719;0.004170142;1.025464861
1943.1;11.88;0.6;0.990825688;0.004208754;0.995034442
1943.11;11.33;0.61;0.953703704;0.004486614;0.958190318
1943.12;11.48;0.61;1.013239188;0.004427991;1.017667179
1944.01;11.85;0.61;1.032229965;0.004289733;1.036519698
1944.02;11.77;0.62;0.993248945;0.004389691;0.997638636
1944.03;12.1;0.62;1.028037383;0.004269972;1.032307355
1944.04;11.89;0.62;0.982644628;0.004345388;0.986990016
1944.05;12.1;0.63;1.017661901;0.004338843;1.022000744
1944.06;12.67;0.63;1.047107438;0.004143646;1.051251084
1944.07;13;0.63;1.026045777;0.004038462;1.030084239
1944.08;12.81;0.64;0.985384615;0.004163414;0.989548029
1944.09;12.6;0.64;0.983606557;0.004232804;0.987839361
1944.1;12.91;0.64;1.024603175;0.004131164;1.028734339
1944.11;12.82;0.64;0.99302866;0.004160166;0.997188826
1944.12;13.1;0.64;1.021840874;0.004071247;1.025912121
1945.01;13.49;0.64;1.029770992;0.003953546;1.033724538
1945.02;13.94;0.65;1.033358043;0.003885701;1.037243744
1945.03;13.93;0.65;0.99928264;0.00388849;1.00317113
1945.04;14.28;0.65;1.025125628;0.003793184;1.028918812
1945.05;14.82;0.65;1.037815126;0.003654971;1.041470097
1945.06;15.09;0.65;1.018218623;0.003589574;1.021808197
1945.07;14.78;0.65;0.979456594;0.003664862;0.983121456
1945.08;14.83;0.66;1.00338295;0.003708699;1.007091649
1945.09;15.84;0.66;1.068105192;0.003472222;1.071577414
1945.1;16.5;0.66;1.041666667;0.003333333;1.045
1945.11;17.04;0.66;1.032727273;0.0032277;1.035954973
1945.12;17.33;0.66;1.017018779;0.003173687;1.020192466
1946.01;18.02;0.67;1.039815349;0.003098409;1.042913758
1946.02;18.07;0.67;1.002774695;0.003089836;1.005864531
1946.03;17.53;0.68;0.970116215;0.003232554;0.973348769
1946.04;18.66;0.68;1.064460924;0.003036799;1.067497723
1946.05;18.7;0.68;1.002143623;0.003030303;1.005173926
1946.06;18.58;0.68;0.993582888;0.003049874;0.996632762
1946.07;18.05;0.68;0.971474704;0.003139428;0.974614132
1946.08;17.7;0.69;0.980609418;0.003248588;0.983858006
1946.09;15.09;0.69;0.852542373;0.003810471;0.856352844
1946.1;14.75;0.7;0.977468522;0.003954802;0.981423324
1946.11;14.69;0.7;0.995932203;0.003970955;0.999903158
1946.12;15.13;0.71;1.029952349;0.003910553;1.033862902
1947.01;15.21;0.71;1.005287508;0.003889985;1.009177493
1947.02;15.8;0.72;1.03879027;0.003797468;1.042587738
1947.03;15.16;0.72;0.959493671;0.003957784;0.963451455
1947.04;14.6;0.73;0.963060686;0.004166667;0.967227353
1947.05;14.34;0.75;0.982191781;0.004358438;0.986550219
1947.06;14.84;0.76;1.034867503;0.004267745;1.039135248
1947.07;15.77;0.77;1.062668464;0.004068907;1.066737371
1947.08;15.46;0.78;0.980342422;0.004204398;0.98454682
1947.09;15.06;0.79;0.974126779;0.004371403;0.978498182
1947.1;15.45;0.81;1.025896414;0.004368932;1.030265346
1947.11;15.27;0.82;0.988349515;0.004475005;0.99282452
1947.12;15.03;0.84;0.984282908;0.004657352;0.98894026
1948.01;14.83;0.84;0.98669328;0.004720162;0.991413442
1948.02;14.1;0.85;0.950775455;0.005023641;0.955799096
1948.03;14.3;0.85;1.014184397;0.00495338;1.019137777
1948.04;15.4;0.85;1.076923077;0.004599567;1.081522644
1948.05;16.15;0.85;1.048701299;0.004385965;1.053087264
1948.06;16.82;0.85;1.041486068;0.004211256;1.045697324
1948.07;16.42;0.86;0.976218787;0.004364596;0.980583383
1948.08;15.94;0.86;0.970767357;0.004496027;0.975263384
1948.09;15.76;0.87;0.988707654;0.004600254;0.993307908
1948.1;16.19;0.89;1.027284264;0.004581017;1.031865281
1948.11;15.29;0.91;0.94441013;0.004959669;0.949369799
1948.12;15.19;0.93;0.993459778;0.005102041;0.998561819
1949.01;15.36;0.95;1.011191573;0.00515408;1.016345653
1949.02;14.77;0.96;0.961588542;0.005416385;0.967004927
1949.03;14.91;0.98;1.009478673;0.005477308;1.014955981
1949.04;14.89;0.99;0.998658618;0.005540631;1.004199249
1949.05;14.78;1.01;0.992612492;0.005694632;0.998307124
1949.06;13.97;1.02;0.945196211;0.006084467;0.951280678
1949.07;14.76;1.03;1.056549749;0.005815266;1.062365015
1949.08;15.29;1.03;1.035907859;0.005613691;1.04152155
1949.09;15.49;1.04;1.013080445;0.005595008;1.018675453
1949.1;15.89;1.07;1.025823112;0.005611496;1.031434608
1949.11;16.11;1.11;1.013845186;0.005741775;1.019586961
1949.12;16.54;1.14;1.026691496;0.005743652;1.032435148
1950.01;16.88;1.15;1.020556227;0.00567733;1.026233557
1950.02;17.21;1.16;1.019549763;0.005616889;1.025166652
1950.03;17.35;1.17;1.008134805;0.005619597;1.013754402
1950.04;17.84;1.18;1.028242075;0.005511958;1.033754033
1950.05;18.44;1.19;1.033632287;0.005377802;1.039010089
1950.06;18.74;1.2;1.01626898;0.005336179;1.021605159
1950.07;17.38;1.24;0.927427962;0.005945531;0.933373493
1950.08;18.43;1.29;1.060414269;0.005832881;1.06624715
1950.09;19.08;1.33;1.035268584;0.005808875;1.041077459
1950.1;19.87;1.38;1.041404612;0.00578762;1.047192232
1950.11;19.83;1.42;0.997986915;0.005967389;1.003954304
1950.12;19.75;1.47;0.995965709;0.006202532;1.002168241
1951.01;21.21;1.49;1.073924051;0.005854157;1.079778208
1951.02;22;1.5;1.037246582;0.005681818;1.0429284
1951.03;21.63;1.52;0.983181818;0.005856064;0.989037882
1951.04;21.92;1.53;1.013407305;0.005816606;1.019223911
1951.05;21.93;1.55;1.000456204;0.005889953;1.006346157
1951.06;21.55;1.56;0.982672139;0.006032483;0.988704622
1951.07;21.93;1.55;1.017633411;0.005889953;1.023523364
1951.08;22.89;1.53;1.04377565;0.005570118;1.049345768
1951.09;23.48;1.52;1.025775448;0.005394662;1.03117011
1951.1;23.36;1.48;0.994889267;0.00527968;1.000168947
1951.11;22.71;1.45;0.972174658;0.00532071;0.977495368
1951.12;23.41;1.41;1.030823426;0.005019223;1.035842649
1952.01;24.19;1.41;1.033319094;0.004857379;1.038176473
1952.02;23.75;1.42;0.981810666;0.004982456;0.986793122
1952.03;23.81;1.42;1.002526316;0.004969901;1.007496217
1952.04;23.74;1.43;0.997060059;0.005019657;1.002079716
1952.05;23.73;1.44;0.99957877;0.00505689;1.00463566
1952.06;24.38;1.45;1.027391488;0.004956248;1.032347736
1952.07;25.08;1.45;1.028712059;0.004817916;1.033529975
1952.08;25.18;1.45;1.003987241;0.004798782;1.008786023
1952.09;24.78;1.45;0.984114376;0.004876244;0.98899062
1952.1;24.26;1.44;0.979015335;0.004946414;0.983961749
1952.11;25.03;1.42;1.031739489;0.00472766;1.036467149
1952.12;26.04;1.41;1.040351578;0.004512289;1.044863867
1953.01;26.18;1.41;1.005376344;0.004488159;1.009864503
1953.02;25.86;1.41;0.987776929;0.004543697;0.992320626
1953.03;25.99;1.41;1.005027069;0.00452097;1.009548039
1953.04;24.71;1.41;0.950750289;0.00475516;0.955505449
1953.05;24.84;1.42;1.005261028;0.004763822;1.01002485
1953.06;23.95;1.42;0.964170692;0.004940849;0.969111541
1953.07;24.29;1.42;1.014196242;0.004871689;1.019067931
1953.08;24.39;1.42;1.004116921;0.004851715;1.008968636
1953.09;23.27;1.42;0.954079541;0.005085231;0.959164772
1953.1;23.97;1.43;1.03008165;0.004971492;1.035053142
1953.11;24.5;1.44;1.022110972;0.004897959;1.027008931
1953.12;24.83;1.45;1.013469388;0.004866425;1.018335813
1954.01;25.46;1.46;1.025372533;0.004778738;1.030151271
1954.02;26.02;1.46;1.021995287;0.00467589;1.026671177
1954.03;26.57;1.47;1.021137586;0.004610463;1.025748049
1954.04;27.63;1.46;1.039894618;0.004403426;1.044298044
1954.05;28.73;1.46;1.039811799;0.00423483;1.044046629
1954.06;28.96;1.45;1.008005569;0.004172422;1.012177991
1954.07;30.13;1.46;1.040400552;0.004038057;1.044438609
1954.08;30.73;1.46;1.019913707;0.003959215;1.023872922
1954.09;31.45;1.47;1.023429873;0.003895072;1.027324945
1954.1;32.18;1.49;1.023211447;0.003858504;1.027069951
1954.11;33.44;1.52;1.039154755;0.003787879;1.042942634
1954.12;34.97;1.54;1.045753589;0.003669812;1.049423401
1955.01;35.6;1.55;1.018015442;0.003628277;1.021643719
1955.02;36.79;1.55;1.033426966;0.003510918;1.036937884
1955.03;36.5;1.56;0.992117423;0.003561644;0.995679067
1955.04;37.76;1.56;1.034520548;0.003442797;1.037963345
1955.05;37.6;1.57;0.995762712;0.00347961;0.999242322
1955.06;39.78;1.57;1.057978723;0.003288922;1.061267645
1955.07;42.69;1.59;1.073152338;0.003103771;1.076256109
1955.08;42.43;1.6;0.993909581;0.003142431;0.997052012
1955.09;44.34;1.62;1.045015319;0.003044655;1.048059974
1955.1;42.11;1.63;0.949706811;0.003225679;0.95293249
1955.11;44.95;1.63;1.067442413;0.003021876;1.070464289
1955.12;45.37;1.64;1.009343715;0.003012269;1.012355984
1956.01;44.15;1.67;0.973109985;0.003152133;0.976262118
1956.02;44.43;1.7;1.006342016;0.003188536;1.009530552
1956.03;47.49;1.73;1.068872384;0.003035727;1.071908111
1956.04;48.05;1.75;1.011791956;0.003035033;1.014826989
1956.05;46.54;1.78;0.968574402;0.003187222;0.971761624
1956.06;46.27;1.8;0.994198539;0.003241841;0.99744038
1956.07;48.78;1.81;1.054246812;0.003092114;1.057338926
1956.08;48.49;1.83;0.994054941;0.003144978;0.997199919
1956.09;46.84;1.84;0.965972365;0.003273555;0.96924592
1956.1;46.24;1.81;0.987190436;0.003261967;0.990452403
1956.11;45.76;1.77;0.989619377;0.003223339;0.992842716
1956.12;46.44;1.74;1.01486014;0.003122308;1.017982448
1957.01;45.43;1.74;0.978251507;0.003191724;0.981443231
1957.02;43.47;1.73;0.956856703;0.003316463;0.960173166
1957.03;44.03;1.73;1.012882448;0.003274283;1.016156731
1957.04;45.05;1.73;1.023166023;0.003200148;1.026366171
1957.05;46.78;1.73;1.038401776;0.003081801;1.041483577
1957.06;47.55;1.73;1.016460026;0.003031896;1.019491922
1957.07;48.51;1.74;1.020189274;0.002989074;1.023178348
1957.08;45.84;1.75;0.944959802;0.003181355;0.948141157
1957.09;43.98;1.76;0.959424084;0.003334849;0.962758933
1957.1;41.24;1.77;0.937698954;0.003576625;0.941275579
1957.11;40.35;1.78;0.978419011;0.003676167;0.982095178
1957.12;40.33;1.79;0.999504337;0.003698653;1.00320299
1958.01;41.12;1.78;1.019588396;0.003607328;1.023195724
1958.02;41.26;1.78;1.003404669;0.003595088;1.006999757
1958.03;42.11;1.77;1.020601066;0.003502731;1.024103797
1958.04;42.34;1.76;1.005461886;0.003464021;1.008925907
1958.05;43.7;1.74;1.032120926;0.003318078;1.035439004
1958.06;44.75;1.73;1.02402746;0.003221601;1.027249061
1958.07;45.98;1.73;1.027486034;0.003135421;1.030621455
1958.08;47.7;1.73;1.037407569;0.003022362;1.040429931
1958.09;48.96;1.73;1.026415094;0.002944581;1.029359675
1958.1;50.95;1.74;1.040645425;0.002845927;1.043491352
1958.11;52.5;1.74;1.030421982;0.002761905;1.033183887
1958.12;53.49;1.75;1.018857143;0.002726366;1.021583509
1959.01;55.62;1.76;1.039820527;0.002636941;1.042457468
1959.02;54.77;1.76;0.984717727;0.002677865;0.987395592
1959.03;56.16;1.77;1.025378857;0.002626425;1.028005282
1959.04;57.1;1.78;1.016737892;0.002597782;1.019335674
1959.05;57.96;1.78;1.015061296;0.002559236;1.017620532
1959.06;57.46;1.79;0.991373361;0.002596009;0.99396937
1959.07;59.74;1.8;1.039679777;0.00251088;1.042190657
1959.08;59.4;1.8;0.994308671;0.002525253;0.996833924
1959.09;57.05;1.81;0.96043771;0.00264388;0.96308159
1959.1;57;1.82;0.999123576;0.002660819;1.001784395
1959.11;57.23;1.82;1.004035088;0.002650125;1.006685213
1959.12;59.06;1.83;1.031976236;0.00258212;1.034558356
1960.01;58.03;1.87;0.982560108;0.002685393;0.985245501
1960.02;55.78;1.9;0.961226952;0.002838532;0.964065484
1960.03;55.02;1.94;0.986375045;0.002938325;0.98931337
1960.04;55.73;1.94;1.012904398;0.002900891;1.015805289
1960.05;55.22;1.95;0.990848735;0.002942774;0.993791509
1960.06;57.26;1.95;1.036943137;0.002837932;1.039781069
1960.07;55.84;1.95;0.975200838;0.0029101;0.978110938
1960.08;56.51;1.95;1.011998567;0.002875597;1.014874164
1960.09;54.81;1.95;0.969916829;0.002964787;0.972881616
1960.1;53.73;1.95;0.980295567;0.003024381;0.983319948
1960.11;55.47;1.95;1.032384143;0.002929511;1.035313654
1960.12;56.8;1.95;1.023976924;0.002860915;1.026837839
1961.01;59.72;1.95;1.051408451;0.002721031;1.054129482
1961.02;62.17;1.94;1.041024782;0.002600397;1.043625179
1961.03;64.12;1.94;1.03136561;0.002521314;1.033886924
1961.04;65.83;1.94;1.026668746;0.002455821;1.029124567
1961.05;66.5;1.94;1.010177731;0.002431078;1.012608809
1961.06;65.62;1.94;0.986766917;0.00246368;0.989230597
1961.07;65.44;1.95;0.997256934;0.002483191;0.999740125
1961.08;67.79;1.95;1.035910758;0.002397109;1.038307867
1961.09;67.26;1.96;0.992181738;0.002428387;0.994610125
1961.1;68;1.98;1.011002081;0.002426471;1.013428552
1961.11;71.08;2;1.045294118;0.002344776;1.047638894
1961.12;71.74;2.02;1.009285312;0.002346436;1.011631748
1962.01;69.07;2.03;0.962782269;0.002449206;0.965231475
1962.02;70.22;2.03;1.016649776;0.002409095;1.019058871
1962.03;70.29;2.04;1.000996867;0.002418552;1.003415419
1962.04;68.05;2.05;0.968132024;0.002510409;0.970642433
1962.05;62.99;2.05;0.92564291;0.002712071;0.928354981
1962.06;55.63;2.06;0.883156057;0.003085865;0.886241922
1962.07;56.97;2.07;1.024087722;0.003027909;1.027115631
1962.08;58.52;2.07;1.027207302;0.00294771;1.030155012
1962.09;58;2.08;0.991114149;0.002988506;0.994102655
1962.1;56.17;2.1;0.968448276;0.003115542;0.971563818
1962.11;60.04;2.11;1.068897988;0.002928603;1.071826591
1962.12;62.64;2.13;1.043304464;0.002833653;1.046138117
1963.01;65.06;2.14;1.038633461;0.00274106;1.041374521
1963.02;65.92;2.14;1.013218567;0.002705299;1.015923866
1963.03;65.67;2.15;0.996207524;0.002728288;0.998935812
1963.04;68.76;2.17;1.047053449;0.00262992;1.049683369
1963.05;70.14;2.18;1.020069808;0.002590058;1.022659866
1963.06;70.11;2.2;0.999572284;0.002614938;1.002187222
1963.07;69.07;2.2;0.985166167;0.002654312;0.987820479
1963.08;70.98;2.21;1.027653106;0.002594628;1.030247734
1963.09;72.85;2.21;1.026345449;0.002528026;1.028873475
1963.1;73.03;2.23;1.00247083;0.002544616;1.005015446
1963.11;72.62;2.26;0.994385869;0.002593409;0.996979278
1963.12;74.17;2.28;1.021343982;0.002561683;1.023905665
1964.01;76.45;2.3;1.030740191;0.002507085;1.033247276
1964.02;77.39;2.31;1.012295618;0.002487401;1.014783019
1964.03;78.8;2.33;1.018219408;0.002464044;1.020683452
1964.04;79.94;2.35;1.014467005;0.002449754;1.016916759
1964.05;80.72;2.36;1.009757318;0.002436406;1.012193724
1964.06;80.24;2.38;0.994053518;0.002471751;0.996525269
1964.07;83.22;2.4;1.037138584;0.002403268;1.039541852
1964.08;82;2.42;0.985340062;0.00245935;0.987799412
1964.09;83.41;2.44;1.017195122;0.002437757;1.019632879
1964.1;84.85;2.46;1.017264117;0.002416028;1.019680145
1964.11;85.44;2.48;1.006953447;0.002418851;1.009372298
1964.12;83.96;2.5;0.982677903;0.00248134;0.985159243
1965.01;86.12;2.52;1.025726536;0.002438458;1.028164994
1965.02;86.75;2.53;1.007315374;0.002430355;1.009745729
1965.03;86.83;2.55;1.00092219;0.002447311;1.003369501
1965.04;87.97;2.57;1.013129103;0.002434542;1.015563645
1965.05;89.28;2.59;1.01489144;0.002417488;1.017308928
1965.06;85.04;2.61;0.952508961;0.00255762;0.955066581
1965.07;84.91;2.63;0.998471308;0.002581164;1.001052472
1965.08;86.49;2.64;1.018607938;0.002543647;1.021151585
1965.09;89.38;2.66;1.033414268;0.002480048;1.035894316
1965.1;91.39;2.68;1.022488252;0.002443739;1.024931991
1965.11;92.15;2.7;1.008316008;0.002441671;1.010757679
1965.12;91.73;2.72;0.995442214;0.00247102;0.997913234
1966.01;93.32;2.74;1.017333479;0.002446778;1.019780257
1966.02;92.69;2.76;0.993249036;0.00248139;0.995730426
1966.03;88.88;2.78;0.958895242;0.002606511;0.961501753
1966.04;91.6;2.8;1.03060306;0.002547307;1.033150367
1966.05;86.78;2.81;0.947379913;0.002698394;0.950078307
1966.06;86.06;2.83;0.991703157;0.002740336;0.994443493
1966.07;85.84;2.85;0.997443644;0.002766775;1.000210419
1966.08;80.65;2.87;0.939538677;0.002965489;0.942504166
1966.09;77.81;2.89;0.964786113;0.003095146;0.967881259
1966.1;77.13;2.88;0.991260763;0.00311163;0.994372393
1966.11;80.99;2.88;1.050045378;0.002963329;1.053008707
1966.12;81.33;2.87;1.004198049;0.002940694;1.007138743
1967.01;84.45;2.88;1.038362228;0.002841918;1.041204146
1967.02;87.36;2.89;1.034458259;0.002756792;1.037215051
1967.03;89.42;2.9;1.023580586;0.002702602;1.026283188
1967.04;90.96;2.9;1.017222098;0.002656845;1.019878943
1967.05;92.59;2.9;1.017919965;0.002610073;1.020530038
1967.06;91.43;2.9;0.987471649;0.002643188;0.990114837
1967.07;93.01;2.91;1.01728098;0.002607247;1.019888227
1967.08;94.49;2.91;1.015912267;0.002566409;1.018478676
1967.09;95.81;2.92;1.013969732;0.002539749;1.016509481
1967.1;95.66;2.92;0.998434401;0.002543731;1.000978132
1967.11;92.66;2.92;0.96863893;0.002626088;0.971265018
1967.12;95.3;2.92;1.028491258;0.00255334;1.031044598
1968.01;95.04;2.93;0.997271773;0.002569094;0.999840867
1968.02;90.75;2.94;0.954861111;0.002699725;0.957560836
1968.03;89.09;2.95;0.981707989;0.002759382;0.984467371
1968.04;95.67;2.96;1.073857897;0.002578307;1.076436204
1968.05;97.87;2.98;1.022995714;0.00253738;1.025533094
1968.06;100.5;2.99;1.026872382;0.00247927;1.029351652
1968.07;100.3;3;0.99800995;0.002492522;1.000502472
1968.08;98.11;3.02;0.978165503;0.002565148;0.980730651
1968.09;101.3;3.03;1.032514525;0.002492596;1.035007121
1968.1;103.8;3.04;1.024679171;0.002440591;1.027119762
1968.11;105.4;3.06;1.015414258;0.002419355;1.017833613
1968.12;106.5;3.07;1.010436433;0.002402191;1.012838624
1969.01;102;3.08;0.957746479;0.00251634;0.960262819
1969.02;101.5;3.09;0.995098039;0.002536946;0.997634985
1969.03;99.3;3.1;0.978325123;0.002601544;0.980926667
1969.04;101.3;3.11;1.020140987;0.002558407;1.022699394
1969.05;104.6;3.12;1.032576505;0.00248566;1.035062165
1969.06;99.14;3.13;0.947801147;0.00263096;0.950432107
1969.07;94.71;3.14;0.955315715;0.00276282;0.958078535
1969.08;94.18;3.14;0.99440397;0.002778368;0.997182338
1969.09;94.51;3.15;1.003503929;0.002777484;1.006281413
1969.1;95.52;3.15;1.0106867;0.002748116;1.013434816
1969.11;96.21;3.16;1.007223618;0.002737068;1.009960686
1969.12;91.11;3.16;0.946990957;0.002890279;0.949881236
1970.01;90.31;3.16;0.991219405;0.002915882;0.994135287
1970.02;87.16;3.17;0.965120142;0.003030825;0.968150967
1970.03;88.65;3.17;1.017094998;0.002979883;1.020074881
1970.04;85.95;3.17;0.969543147;0.003073492;0.972616639
1970.05;76.06;3.18;0.884933101;0.003484092;0.888417193
1970.06;75.59;3.18;0.993820668;0.003505755;0.997326423
1970.07;75.72;3.18;1.001719804;0.003499736;1.00521954
1970.08;77.92;3.19;1.029054411;0.003411619;1.03246603
1970.09;82.58;3.19;1.059804928;0.003219101;1.063024029
1970.1;84.37;3.17;1.021675951;0.00313105;1.024807001
1970.11;84.28;3.16;0.99893327;0.003124506;1.002057776
1970.12;90.05;3.14;1.068462269;0.002905793;1.071368062
1971.01;93.49;3.13;1.038200999;0.00278996;1.040990959
1971.02;97.11;3.12;1.038720719;0.002677376;1.041398095
1971.03;99.6;3.11;1.025641026;0.002602075;1.028243101
1971.04;103;3.11;1.034136546;0.002516181;1.036652727
1971.05;101.6;3.1;0.986407767;0.002542651;0.988950418
1971.06;99.72;3.1;0.981496063;0.002590587;0.98408665
1971.07;99;3.1;0.992779783;0.002609428;0.995389211
1971.08;97.24;3.09;0.982222222;0.002648087;0.984870309
1971.09;99.4;3.09;1.022213081;0.002590543;1.024803624
1971.1;97.29;3.08;0.978772636;0.002638161;0.981410797
1971.11;92.78;3.08;0.953643746;0.002766401;0.956410147
1971.12;99.17;3.07;1.068872602;0.002579745;1.071452347
1972.01;103.3;3.07;1.041645659;0.002476605;1.044122264
1972.02;105.2;3.07;1.01839303;0.002431876;1.020824906
1972.03;107.7;3.07;1.023764259;0.002375426;1.026139685
1972.04;108.8;3.07;1.010213556;0.002351409;1.012564965
1972.05;107.7;3.07;0.989889706;0.002375426;0.992265132
1972.06;108;3.07;1.002785515;0.002368827;1.005154342
1972.07;107.2;3.07;0.992592593;0.002386505;0.994979098
1972.08;111;3.08;1.035447761;0.002312312;1.037760073
1972.09;109.4;3.08;0.985585586;0.00234613;0.987931716
1972.1;109.6;3.1;1.001828154;0.002357056;1.00418521
1972.11;115.1;3.13;1.050182482;0.002266145;1.052448627
1972.12;117.5;3.15;1.020851434;0.002234043;1.023085477
1973.01;118.4;3.16;1.007659574;0.002224099;1.009883673
1973.02;114.2;3.16;0.964527027;0.002305896;0.966832923
1973.03;112.4;3.17;0.984238179;0.002350237;0.986588416
1973.04;110.3;3.19;0.981316726;0.002410094;0.98372682
1973.05;107.2;3.2;0.971894832;0.002487562;0.974382394
1973.06;104.8;3.22;0.97761194;0.002560433;0.980172373
1973.07;105.8;3.24;1.009541985;0.002551985;1.01209397
1973.08;103.8;3.25;0.981096408;0.002609184;0.983705592
1973.09;105.6;3.27;1.01734104;0.002580492;1.019921532
1973.1;109.8;3.31;1.039772727;0.002512143;1.04228487
1973.11;102;3.34;0.928961749;0.002728758;0.931690507
1973.12;94.78;3.38;0.929215686;0.002971794;0.93218748
1974.01;96.11;3.4;1.014032496;0.002948011;1.016980507
1974.02;93.45;3.42;0.972323379;0.003049759;0.975373138
1974.03;97.44;3.44;1.042696629;0.002941981;1.04563861
1974.04;92.46;3.46;0.948891626;0.003118466;0.952010092
1974.05;89.67;3.48;0.969824789;0.003234081;0.97305887
1974.06;89.79;3.5;1.00133824;0.00324832;1.00458656
1974.07;79.31;3.53;0.883283216;0.003709074;0.88699229
1974.08;76.03;3.56;0.958643298;0.003901969;0.962545267
1974.09;68.12;3.59;0.89596212;0.00439176;0.90035388
1974.1;69.44;3.59;1.019377569;0.004308276;1.023685845
1974.11;71.74;3.6;1.03312212;0.004181767;1.037303887
1974.12;67.07;3.6;0.934903819;0.004472939;0.939376758
1975.01;72.56;3.62;1.081854779;0.004157479;1.086012258
1975.02;80.1;3.65;1.103914002;0.003797337;1.107711339
1975.03;83.78;3.67;1.045942572;0.003650434;1.049593006
1975.04;84.72;3.68;1.011219862;0.003619767;1.014839629
1975.05;90.1;3.7;1.063503305;0.003422124;1.066925429
1975.06;92.4;3.71;1.025527192;0.00334596;1.028873152
1975.07;92.49;3.71;1.000974026;0.003342704;1.00431673
1975.08;85.71;3.71;0.926694778;0.003607125;0.930301903
1975.09;84.67;3.71;0.98786606;0.003651431;0.991517491
1975.1;88.57;3.7;1.046061179;0.003481239;1.049542418
1975.11;90.07;3.69;1.016935757;0.003414011;1.020349768
1975.12;88.7;3.68;0.984789608;0.003457347;0.988246955
1976.01;96.86;3.68;1.09199549;0.003166082;1.095161572
1976.02;100.6;3.69;1.03861243;0.00305666;1.04166909
1976.03;101.1;3.69;1.004970179;0.003041543;1.008011722
1976.04;101.9;3.71;1.007912957;0.00303402;1.010946977
1976.05;101.2;3.74;0.99313052;0.00307971;0.99621023
1976.06;101.8;3.76;1.005928854;0.003077931;1.009006785
1976.07;104.2;3.79;1.023575639;0.00303103;1.026606669
1976.08;103.3;3.82;0.991362764;0.003081639;0.994444403
1976.09;105.5;3.85;1.021297193;0.003041074;1.024338267
1976.1;101.9;3.92;0.965876777;0.003205757;0.969082534
1976.11;101.2;3.98;0.99313052;0.003277339;0.996407859
1976.12;104.7;4.05;1.03458498;0.003223496;1.037808476
1977.01;103.8;4.1;0.991404011;0.003291586;0.994695597
1977.02;101;4.14;0.973025048;0.003415842;0.97644089
1977.03;100.6;4.19;0.996039604;0.003470842;0.999510446
1977.04;99.05;4.25;0.984592445;0.003575635;0.98816808
1977.05;98.76;4.3;0.997072186;0.003628325;1.000700511
1977.06;99.29;4.36;1.005366545;0.003659314;1.009025859
1977.07;100.2;4.41;1.009165072;0.003667665;1.012832737
1977.08;97.75;4.45;0.975548902;0.003793691;0.979342593
1977.09;96.23;4.5;0.984450128;0.003896914;0.988347042
1977.1;93.74;4.56;0.974124493;0.004053766;0.978178259
1977.11;94.28;4.61;1.005760614;0.004074742;1.009835356
1977.12;93.82;4.67;0.995120916;0.004148014;0.99926893
1978.01;90.25;4.71;0.961948412;0.00434903;0.966297442
1978.02;88.98;4.76;0.985927978;0.004457931;0.990385909
1978.03;88.82;4.8;0.998201843;0.00450349;1.002705333
1978.04;92.71;4.84;1.043796442;0.004350484;1.048146926
1978.05;97.41;4.87;1.050695718;0.004166239;1.054861957
1978.06;97.66;4.91;1.002566472;0.004189706;1.006756178
1978.07;97.19;4.95;0.995187385;0.004244264;0.999431649
1978.08;103.9;4.98;1.069040025;0.003994225;1.07303425
1978.09;103.9;5.02;1;0.004026307;1.004026307
1978.1;100.6;5.04;0.968238691;0.00417495;0.972413641
1978.11;94.71;5.05;0.941451292;0.004443389;0.945894681
1978.12;96.11;5.07;1.014781966;0.004396005;1.019177971
1979.01;99.71;5.11;1.03745708;0.004270718;1.041727798
1979.02;98.23;5.16;0.985156955;0.004377481;0.989534436
1979.03;100.1;5.2;1.019036954;0.004329004;1.023365958
1979.04;102.1;5.25;1.01998002;0.004285015;1.024265035
1979.05;99.73;5.29;0.976787463;0.004420268;0.981207731
1979.06;101.7;5.34;1.019753334;0.004375615;1.024128949
1979.07;102.7;5.4;1.009832842;0.004381694;1.014214536
1979.08;107.4;5.45;1.045764362;0.00422874;1.049993102
1979.09;108.6;5.51;1.011173184;0.004228054;1.015401238
1979.1;104.5;5.56;0.962246777;0.004433812;0.966680589
1979.11;103.7;5.6;0.992344498;0.004500161;0.996844659
1979.12;107.8;5.65;1.039537126;0.004367656;1.043904782
1980.01;110.9;5.7;1.028756957;0.004283138;1.033040095
1980.02;115.3;5.75;1.039675383;0.004155825;1.043831208
1980.03;104.7;5.8;0.908065915;0.004616364;0.912682279
1980.04;103;5.85;0.983763133;0.00473301;0.988496143
1980.05;107.7;5.89;1.045631068;0.004557413;1.050188481
1980.06;114.6;5.94;1.064066852;0.004319372;1.068386224
1980.07;119.8;5.98;1.045375218;0.004159711;1.049534929
1980.08;123.5;6.03;1.030884808;0.004068826;1.034953634
1980.09;126.5;6.07;1.024291498;0.003998682;1.02829018
1980.1;130.2;6.1;1.029249012;0.00390425;1.033153262
1980.11;135.7;6.13;1.042242704;0.003764431;1.046007135
1980.12;133.5;6.16;0.983787767;0.003845194;0.987632961
1981.01;133;6.2;0.996254682;0.003884712;1.000139394
1981.02;128.4;6.24;0.965413534;0.004049844;0.969463378
1981.03;133.2;6.28;1.037383178;0.003928929;1.041312107
1981.04;134.4;6.32;1.009009009;0.003918651;1.01292766
1981.05;131.7;6.35;0.979910714;0.00401797;0.983928684
1981.06;132.3;6.39;1.004555809;0.004024943;1.008580752
1981.07;129.1;6.43;0.975812547;0.004150529;0.979963076
1981.08;129.6;6.48;1.003872967;0.004166667;1.008039634
1981.09;118.3;6.52;0.912808642;0.004592843;0.917401485
1981.1;119.8;6.56;1.012679628;0.004563161;1.017242789
1981.11;122.9;6.59;1.025876461;0.004468402;1.030344863
1981.12;123.8;6.63;1.007323027;0.004462843;1.01178587
1982.01;117.3;6.66;0.947495961;0.004731458;0.952227419
1982.02;114.5;6.69;0.976129582;0.004868996;0.980998578
1982.03;110.8;6.72;0.96768559;0.005054152;0.972739742
1982.04;116.3;6.75;1.049638989;0.004836629;1.054475618
1982.05;116.4;6.78;1.000859845;0.004853952;1.005713797
1982.06;109.7;6.81;0.942439863;0.0051732;0.947613063
1982.07;109.4;6.82;0.997265269;0.005195003;1.002460272
1982.08;109.7;6.84;1.00274223;0.005195989;1.007938219
1982.09;122.4;6.85;1.115770283;0.004663671;1.120433954
1982.1;132.7;6.86;1.084150327;0.004307963;1.08845829
1982.11;138.1;6.86;1.040693293;0.004139512;1.044832805
1982.12;139.4;6.87;1.009413469;0.004106887;1.013520356
1983.01;144.3;6.88;1.035150646;0.003973204;1.03912385
1983.02;146.8;6.9;1.017325017;0.003916894;1.021241911
1983.03;151.9;6.91;1.034741144;0.003790871;1.038532015
1983.04;157.7;6.92;1.038183015;0.003656732;1.041839747
1983.05;164.1;6.93;1.040583386;0.003519196;1.044102582
1983.06;166.4;6.94;1.014015844;0.003475561;1.017491405
1983.07;167;6.96;1.003605769;0.003473054;1.007078823
1983.08;162.4;6.98;0.97245509;0.003581691;0.976036781
1983.09;167.2;7;1.02955665;0.003488836;1.033045486
1983.1;167.7;7.03;1.002990431;0.003493341;1.006483772
1983.11;165.2;7.06;0.985092427;0.00356134;0.988653767
1983.12;164.4;7.09;0.995157385;0.003593877;0.998751262
1984.01;166.4;7.12;1.01216545;0.003565705;1.015731155
1984.02;157.3;7.15;0.9453125;0.003787879;0.949100379
1984.03;157.4;7.18;1.000635728;0.003801355;1.004437083
1984.04;157.6;7.22;1.001270648;0.003817682;1.00508833
1984.05;156.6;7.27;0.993654822;0.003868668;0.99752349
1984.06;153.1;7.31;0.977650064;0.003978881;0.981628945
1984.07;151.1;7.33;0.986936643;0.004042577;0.99097922
1984.08;164.4;7.36;1.088021178;0.003730738;1.091751916
1984.09;166.1;7.38;1.010340633;0.003702589;1.014043222
1984.1;164.8;7.43;0.99217339;0.003757079;0.995930469
1984.11;166.3;7.48;1.009101942;0.003748246;1.012850188
1984.12;164.5;7.53;0.989176188;0.00381459;0.992990778
1985.01;171.6;7.57;1.043161094;0.003676185;1.046837279
1985.02;180.9;7.62;1.054195804;0.003510227;1.057706031
1985.03;179.4;7.66;0.991708126;0.003558157;0.995266283
1985.04;180.6;7.69;1.006688963;0.003548357;1.01023732
1985.05;184.9;7.71;1.023809524;0.003474851;1.027284375
1985.06;188.9;7.74;1.021633315;0.003414505;1.02504782
1985.07;192.5;7.77;1.019057702;0.003363636;1.022421338
1985.08;188.3;7.81;0.978181818;0.003456364;0.981638182
1985.09;184.1;7.84;0.977695167;0.003548796;0.981243963
1985.1;186.2;7.86;1.011406844;0.003517723;1.014924567
1985.11;197.5;7.88;1.060687433;0.003324895;1.064012328
1985.12;207.3;7.9;1.049620253;0.003175752;1.052796005
1986.01;208.2;7.94;1.004341534;0.003178034;1.007519568
1986.02;219.4;7.98;1.053794428;0.003030994;1.056825422
1986.03;232.3;8.02;1.058796718;0.002877027;1.061673745
1986.04;238;8.05;1.024537236;0.002818627;1.027355863
1986.05;238.5;8.07;1.00210084;0.002819706;1.004920546
1986.06;245.3;8.1;1.02851153;0.002751733;1.031263263
1986.07;240.2;8.14;0.979209132;0.002824036;0.982033168
1986.08;245;8.19;1.019983347;0.002785714;1.022769061
1986.09;238.3;8.23;0.972653061;0.002878025;0.975531086
1986.1;237.4;8.25;0.996223248;0.002895956;0.999119204
1986.11;245.1;8.26;1.032434709;0.002808378;1.035243087
1986.12;248.6;8.28;1.014279886;0.002775543;1.017055429
1987.01;264.5;8.3;1.063958166;0.002614997;1.066573163
1987.02;280.9;8.32;1.062003781;0.002468257;1.064472038
1987.03;292.5;8.34;1.041295835;0.002376068;1.043671903
1987.04;289.3;8.4;0.989059829;0.002419634;0.991479463
1987.05;289.1;8.46;0.999308676;0.002438603;1.001747279
1987.06;301.4;8.52;1.042545832;0.002355674;1.044901506
1987.07;310.1;8.57;1.028865295;0.002303021;1.031168316
1987.08;329.4;8.61;1.062237988;0.002178203;1.064416191
1987.09;318.7;8.66;0.967516697;0.002264407;0.969781104
1987.1;280.2;8.71;0.879196737;0.002590412;0.881787149
1987.11;245;8.76;0.874375446;0.002979592;0.877355038
1987.12;241;8.81;0.983673469;0.003046335;0.986719804
1988.01;250.5;8.86;1.039419087;0.002947438;1.042366525
1988.02;258.1;8.9;1.030339321;0.002873563;1.033212884
1988.03;265.7;8.95;1.029445951;0.002807051;1.032253002
1988.04;262.6;9.04;0.988332706;0.002868748;0.991201454
1988.05;256.1;9.14;0.975247525;0.002974099;0.978221624
1988.06;270.7;9.23;1.057008981;0.002841399;1.05985038
1988.07;269.1;9.31;0.994089398;0.002883067;0.996972465
1988.08;263.7;9.38;0.97993311;0.002964227;0.982897337
1988.09;268;9.46;1.016306409;0.002941542;1.019247951
1988.1;277.4;9.55;1.035074627;0.002868902;1.037943529
1988.11;271;9.64;0.976928623;0.00296433;0.979892953
1988.12;276.5;9.75;1.020295203;0.002938517;1.02323372
1989.01;285.4;9.81;1.032188065;0.002864401;1.035052466
1989.02;294;9.9;1.030133146;0.002806122;1.032939268
1989.03;292.7;10.01;0.995578231;0.002849903;0.998428134
1989.04;302.3;10.09;1.032798087;0.002781453;1.03557954
1989.05;313.9;10.19;1.038372478;0.002705214;1.041077692
1989.06;323.7;10.37;1.031220134;0.002669653;1.033889787
1989.07;331.9;10.42;1.025332098;0.00261625;1.027948348
1989.08;346.6;10.55;1.044290449;0.002536545;1.046826994
1989.09;347.3;10.73;1.002019619;0.002574623;1.004594242
1989.1;347.4;10.8;1.000287936;0.002590674;1.00287861
1989.11;340.2;10.92;0.979274611;0.002674897;0.981949508
1989.12;348.6;11.06;1.024691358;0.002643909;1.027335267
1990.01;339.97;11.14;0.975243832;0.002730633;0.977974465
1990.02;330.45;11.23;0.971997529;0.002831997;0.974829526
1990.03;338.46;11.32;1.024239673;0.002787134;1.027026807
1990.04;338.18;11.44;0.999172724;0.002819012;1.001991736
1990.05;350.25;11.55;1.035691052;0.002748037;1.038439089
1990.06;360.39;11.66;1.028950749;0.002696153;1.031646902
1990.07;360.03;11.73;0.999001082;0.002715052;1.001716134
1990.08;330.75;11.78;0.918673444;0.002968002;0.921641446
1990.09;315.41;11.83;0.953620559;0.003125561;0.95674612
1990.1;307.12;11.93;0.97371675;0.003237063;0.976953813
1990.11;315.29;12.01;1.02660198;0.003174326;1.029776306
1990.12;328.75;12.09;1.042690856;0.003064639;1.045755495
1991.01;325.49;12.11;0.99008365;0.003100454;0.993184104
1991.02;362.26;12.11;1.11296814;0.002785752;1.115753892
1991.03;372.28;12.11;1.027659692;0.002710773;1.030370465
1991.04;379.68;12.13;1.019877512;0.00266233;1.022539842
1991.05;377.99;12.14;0.995548883;0.002676438;0.998225321
1991.06;378.29;12.15;1.000793672;0.002676518;1.00347019
1991.07;380.23;12.19;1.005128341;0.002671629;1.00779997
1991.08;389.4;12.24;1.024116982;0.002619414;1.026736396
1991.09;387.2;12.28;0.994350282;0.002642906;0.996993188
1991.1;386.88;12.25;0.999173554;0.00263863;1.001812184
1991.11;385.92;12.23;0.99751861;0.002640875;1.000159485
1991.12;388.51;12.2;1.006711235;0.002616835;1.00932807
1992.01;416.08;12.24;1.070963424;0.002451452;1.073414876
1992.02;412.56;12.28;0.991540088;0.002480447;0.994020535
1992.03;407.36;12.32;0.987395773;0.002520293;0.989916066
1992.04;407.41;12.32;1.000122742;0.002519984;1.002642726
1992.05;414.81;12.32;1.018163521;0.002475029;1.02063855
1992.06;408.27;12.32;0.984233746;0.002514676;0.986748422
1992.07;415.05;12.34;1.016606657;0.002477613;1.01908427
1992.08;417.93;12.37;1.006938923;0.002466522;1.009405445
1992.09;418.48;12.4;1.00131601;0.002469254;1.003785264
1992.1;412.5;12.39;0.985710189;0.00250303;0.988213219
1992.11;422.84;12.38;1.025066667;0.002439851;1.027506518
1992.12;435.64;12.39;1.030271497;0.002370076;1.032641573
1993.01;435.23;12.41;0.999058856;0.002376138;1.001434994
1993.02;441.7;12.45;1.014865703;0.002348879;1.017214582
1993.03;450.16;12.48;1.019153271;0.00231029;1.021463561
1993.04;443.08;12.49;0.984272259;0.002349087;0.986621346
1993.05;445.25;12.51;1.004897535;0.002341381;1.007238916
1993.06;448.06;12.52;1.006311061;0.002328557;1.008639618
1993.07;447.29;12.52;0.99828148;0.002332566;1.000614046
1993.08;454.13;12.52;1.015292092;0.002297433;1.017589525
1993.09;459.24;12.52;1.011252285;0.002271869;1.013524154
1993.1;463.9;12.54;1.0101472;0.002252641;1.012399841
1993.11;462.89;12.56;0.997822807;0.002261156;1.000083963
1993.12;465.95;12.58;1.006610642;0.002249884;1.008860526
1994.01;472.99;12.62;1.015108917;0.002223444;1.017332361
1994.02;471.58;12.67;0.997018964;0.002238927;0.999257891
1994.03;463.81;12.71;0.983523474;0.002283622;0.985807096
1994.04;447.23;12.75;0.964252603;0.002375735;0.966628338
1994.05;450.9;12.8;1.008206068;0.002365639;1.010571707
1994.06;454.83;12.84;1.008715902;0.002352527;1.011068429
1994.07;451.4;12.87;0.992458721;0.002375942;0.994834663
1994.08;464.24;12.9;1.028444838;0.002315613;1.030760451
1994.09;466.96;12.92;1.005859038;0.002305694;1.008164732
1994.1;463.81;13.01;0.99325424;0.002337523;0.995591763
1994.11;461.01;13.1;0.993963045;0.002367989;0.996331034
1994.12;455.19;13.17;0.987375545;0.002411081;0.989786626
1995.01;465.25;13.18;1.022100661;0.002360738;1.024461399
1995.02;481.92;13.18;1.035830199;0.002279078;1.038109277
1995.03;493.15;13.17;1.023302623;0.002225489;1.025528112
1995.04;507.91;13.24;1.029930042;0.002172301;1.032102343
1995.05;523.81;13.31;1.031304759;0.002117498;1.033422257
1995.06;539.35;13.36;1.029667246;0.002064213;1.031731459
1995.07;557.37;13.44;1.033410587;0.002009437;1.035420024
1995.08;559.11;13.51;1.003121804;0.002013617;1.005135421
1995.09;578.77;13.58;1.035163027;0.001955296;1.037118323
1995.1;582.92;13.65;1.007170379;0.001951383;1.009121762
1995.11;595.53;13.72;1.021632471;0.001919859;1.02355233
1995.12;614.57;13.79;1.031971521;0.001869871;1.033841392
1996.01;614.42;13.89;0.999755927;0.00188389;1.001639817
1996.02;649.54;14;1.057159598;0.001796143;1.058955741
1996.03;647.07;14.1;0.996197309;0.001815878;0.998013187
1996.04;647.17;14.16;1.000154543;0.001823323;1.001977866
1996.05;661.23;14.21;1.021725358;0.001790854;1.023516212
1996.06;668.5;14.27;1.010994661;0.001778858;1.012773519
1996.07;644.07;14.4;0.963455497;0.001863152;0.965318649
1996.08;662.68;14.53;1.028894375;0.001827177;1.030721552
1996.09;674.88;14.66;1.018410092;0.001810198;1.02022029
1996.1;701.46;14.74;1.03938478;0.00175111;1.04113589
1996.11;735.67;14.82;1.048769709;0.001678742;1.050448451
1996.12;743.25;14.9;1.010303533;0.001670591;1.011974124
1997.01;766.22;14.95;1.03090481;0.001625947;1.032530757
1997.02;798.39;15.01;1.041985331;0.001566695;1.043552026
1997.03;792.16;15.06;0.992196796;0.001584276;0.993781072
1997.04;763.93;15.09;0.96436326;0.001646093;0.966009353
1997.05;833.09;15.13;1.090531855;0.001513442;1.092045297
1997.06;876.29;15.16;1.051855142;0.001441684;1.053296826
1997.07;925.29;15.22;1.055917562;0.001370741;1.057288303
1997.08;927.24;15.27;1.002107447;0.001372352;1.003479799
1997.09;937.02;15.33;1.010547431;0.001363365;1.011910796
1997.1;951.16;15.39;1.015090393;0.001348354;1.016438747
1997.11;938.92;15.44;0.987131503;0.001370369;0.988501872
1997.12;962.37;15.5;1.024975504;0.001342173;1.026317677
1998.01;963.36;15.55;1.00102871;0.001345118;1.002373828
1998.02;1023.74;15.6;1.062676466;0.001269854;1.06394632
1998.03;1076.83;15.64;1.05185887;0.001210343;1.053069213
1998.04;1112.2;15.75;1.03284641;0.001180094;1.034026504
1998.05;1108.42;15.85;0.996601331;0.001191636;0.997792967
1998.06;1108.39;15.95;0.999972934;0.001199187;1.001172121
1998.07;1156.58;16.02;1.043477476;0.001154265;1.044631741
1998.08;1074.62;16.08;0.929135901;0.001246952;0.930382853
1998.09;1020.64;16.14;0.94976829;0.001317801;0.951086091
1998.1;1032.47;16.17;1.011590767;0.001305123;1.01289589
1998.11;1144.43;16.18;1.108438986;0.00117817;1.109617156
1998.12;1190.05;16.2;1.039862639;0.001134406;1.040997045
1999.01;1248.77;16.28;1.049342465;0.001086402;1.050428867
1999.02;1246.58;16.37;0.998246274;0.001094327;0.999340601
1999.03;1281.66;16.45;1.028140994;0.001069576;1.02921057
1999.04;1334.76;16.45;1.041430645;0.001027026;1.042457671
1999.05;1332.07;16.45;0.997984656;0.0010291;0.999013756
1999.06;1322.55;16.45;0.992853228;0.001036508;0.993889736
1999.07;1380.99;16.51;1.044187365;0.000996266;1.045183631
1999.08;1327.49;16.58;0.961259676;0.001040811;0.962300487
1999.09;1318.17;16.64;0.992979231;0.001051963;0.994031194
1999.1;1300.01;16.66;0.986223325;0.001067941;0.987291266
1999.11;1391;16.67;1.069991769;0.000998682;1.070990451
1999.12;1428.68;16.69;1.027088426;0.000973509;1.028061935
2000.01;1425.59;16.71;0.997837164;0.000976789;0.998813953
2000.02;1388.87;16.74;0.974242244;0.001004414;0.975246658
2000.03;1442.21;16.76;1.038405322;0.000968421;1.039373743
2000.04;1461.36;16.74;1.013278233;0.00095459;1.014232823
2000.05;1418.48;16.72;0.97065747;0.000982272;0.971639742
2000.06;1461.96;16.7;1.030652529;0.000951918;1.031604447
2000.07;1473;16.58;1.007551506;0.000937995;1.008489501
2000.08;1485.46;16.47;1.008458927;0.000923956;1.009382883
2000.09;1468.05;16.35;0.988279725;0.000928102;0.989207827
2000.1;1390.14;16.32;0.9469296;0.000978319;0.947907919
2000.11;1378.04;16.3;0.991295841;0.000985699;0.99228154
2000.12;1330.93;16.27;0.965813764;0.001018711;0.966832475
2001.01;1335.63;16.17;1.003531365;0.001008887;1.004540252
2001.02;1305.75;16.07;0.977628535;0.001025592;0.978654127
2001.03;1185.85;15.97;0.908175378;0.001122261;0.909297639
2001.04;1189.84;15.88;1.003364675;0.001112194;1.004476869
2001.05;1270.37;15.78;1.067681369;0.001035131;1.0687165
2001.06;1238.71;15.69;0.975078127;0.001055534;0.976133661
2001.07;1204.45;15.71;0.972342195;0.001086941;0.973429136
2001.08;1178.5;15.72;0.978454896;0.001111583;0.979566479
2001.09;1044.64;15.74;0.886414934;0.001255616;0.88767055
2001.1;1076.59;15.74;1.030584699;0.001218353;1.031803052
2001.11;1129.68;15.74;1.049313109;0.001161096;1.050474205
2001.12;1144.93;15.74;1.013499398;0.00114563;1.014645028
2002.01;1140.21;15.74;0.995877477;0.001150373;0.99702785
2002.02;1100.67;15.73;0.965322177;0.001190941;0.966513118
2002.03;1153.79;15.73;1.048261513;0.001136111;1.049397624
2002.04;1111.93;15.83;0.963719568;0.001186376;0.964905944
2002.05;1079.25;15.94;0.970609661;0.001230793;0.971840454
2002.06;1014.02;16.04;0.93955988;0.001318186;0.940878066
2002.07;903.59;15.96;0.891096823;0.001471907;0.89256873
2002.08;912.55;15.88;1.009916002;0.001450149;1.011366151
2002.09;867.81;15.8;0.950972549;0.001517229;0.952489778
2002.1;854.63;15.89;0.984812344;0.001549403;0.986361747
2002.11;909.93;15.98;1.064706364;0.001463483;1.066169847
2002.12;899.18;16.07;0.988185904;0.00148932;0.989675224
2003.01;895.84;16.12;0.996285505;0.001499524;0.997785029
2003.02;837.03;16.17;0.934352116;0.001609859;0.935961975
2003.03;846.63;16.22;1.011469123;0.001596526;1.013065649
2003.04;890.03;16.2;1.051262063;0.001516803;1.052778866
2003.05;935.96;16.19;1.051605002;0.001441479;1.053046481
2003.06;988;16.17;1.055600667;0.001363866;1.056964533
2003.07;992.54;16.31;1.004595142;0.001369382;1.005964524
2003.08;989.53;16.45;0.996967377;0.001385338;0.998352715
2003.09;1019.44;16.59;1.030226471;0.001356137;1.031582608
2003.1;1038.73;16.86;1.018922153;0.001352613;1.020274766
2003.11;1049.9;17.12;1.010753516;0.00135886;1.012112376
2003.12;1080.64;17.39;1.029278979;0.001341026;1.030620005
2004.01;1132.52;17.6;1.048008588;0.001295047;1.049303635
2004.02;1143.36;17.81;1.009571575;0.001298075;1.01086965
2004.03;1123.98;18.02;0.983049958;0.001336026;0.984385984
2004.04;1133.36;18.21;1.008345344;0.001338939;1.009684283
2004.05;1102.78;18.41;0.973018282;0.001391181;0.974409463
2004.06;1132.76;18.6;1.027185839;0.001368339;1.028554178
2004.07;1105.85;18.79;0.976243865;0.001415955;0.97765982
2004.08;1088.94;18.97;0.984708595;0.001451718;0.986160313
2004.09;1117.66;19.16;1.026374272;0.00142858;1.027802852
2004.1;1117.21;19.25;0.999597373;0.001435869;1.001033242
2004.11;1168.94;19.35;1.046302844;0.001379455;1.047682299
2004.12;1199.21;19.44;1.025895256;0.001350889;1.027246145
2005.01;1181.41;19.7;0.985156895;0.001389583;0.986546478
2005.02;1199.63;19.97;1.01542225;0.001387233;1.016809483
2005.03;1194.9;20.23;0.996057118;0.001410857;0.997467975
2005.04;1164.43;20.46;0.974499958;0.001464236;0.975964194
2005.05;1178.28;20.7;1.011894232;0.001463998;1.01335823
2005.06;1202.25;20.93;1.020343212;0.001450752;1.021793964
2005.07;1222.24;21.11;1.016627157;0.001439297;1.018066454
2005.08;1224.27;21.29;1.001660885;0.001449163;1.003110048
2005.09;1225.92;21.47;1.001347742;0.001459448;1.00280719
2005.1;1191.96;21.72;0.972298356;0.001518507;0.973816863
2005.11;1237.37;21.97;1.038096916;0.001479617;1.039576533
2005.12;1262.07;22.22;1.019961693;0.001467166;1.021428859
2006.01;1278.73;22.41;1.013200536;0.001460433;1.014660969
2006.02;1276.65;22.59;0.998373386;0.001474562;0.999847948
2006.03;1293.74;22.78;1.013386598;0.001467322;1.01485392
2006.04;1302.17;23;1.006515992;0.001471902;1.007987894
2006.05;1290.01;23.22;0.990661742;0.001499988;0.99216173
2006.06;1253.17;23.44;0.971442082;0.001558714;0.973000796
2006.07;1260.24;23.66;1.005641693;0.001564517;1.00720621
2006.08;1287.15;23.88;1.021353076;0.001546051;1.022899127
2006.09;1317.74;24.1;1.023765684;0.001524074;1.025289758
2006.1;1363.38;24.36;1.034635057;0.001488947;1.036124004
2006.11;1388.64;24.62;1.018527483;0.001477465;1.020004948
2006.12;1416.42;24.88;1.020005185;0.001463784;1.021468969
2007.01;1424.16;25.08;1.005464481;0.001467532;1.006932013
2007.02;1444.8;25.29;1.014492754;0.001458679;1.015951433
2007.03;1406.95;25.49;0.973802602;0.001509767;0.975312369
2007.04;1463.64;25.72;1.040292832;0.001464386;1.041757218
2007.05;1511.14;25.94;1.032453336;0.001430487;1.033883823
2007.06;1514.19;26.17;1.002018344;0.001440264;1.003458608
2007.07;1520.71;26.44;1.004305933;0.001448885;1.005754818
2007.08;1454.62;26.71;0.956540037;0.001530182;0.958070219
2007.09;1497.12;26.98;1.029217253;0.001501772;1.030719025
2007.1;1539.66;27.23;1.028414556;0.00147381;1.029888366
2007.11;1463.39;27.48;0.950463089;0.00156486;0.952027949
2007.12;1479.22;27.73;1.010817349;0.001562197;1.012379546
2008.01;1378.76;27.92;0.932085829;0.001687507;0.933773336
2008.02;1354.87;28.11;0.982672836;0.001728948;0.984401784
2008.03;1316.94;28.3;0.972004694;0.001790767;0.973795461
2008.04;1370.47;28.44;1.040647258;0.001729334;1.042376592
2008.05;1403.22;28.57;1.023896911;0.001696693;1.025593604
2008.06;1341.25;28.71;0.955837289;0.001783784;0.957621073
2008.07;1257.33;28.76;0.9374315;0.001906156;0.939337656
2008.08;1281.47;28.8;1.019199415;0.001872849;1.021072264
2008.09;1216.95;28.85;0.949651572;0.001975567;0.951627139
2008.1;968.8;28.7;0.796088582;0.00246869;0.798557272
2008.11;883.04;28.54;0.911478117;0.002693347;0.914171464
2008.12;877.56;28.39;0.993794166;0.002695922;0.996490088
2009.01;865.58;28.01;0.986348512;0.00269665;0.989045162
2009.02;805.23;27.64;0.930277964;0.002860466;0.93313843
2009.03;757.13;27.26;0.940265514;0.003000365;0.943265879
2009.04;848.15;26.7;1.120217136;0.002623357;1.122840493
2009.05;902.41;26.15;1.063974533;0.00241483;1.066389363
2009.06;926.12;25.59;1.026274088;0.002302617;1.028576705
2009.07;935.82;25.03;1.010473805;0.002228883;1.012702688
2009.08;1009.73;24.46;1.078978863;0.002018691;1.080997554
2009.09;1044.55;23.9;1.034484466;0.001906722;1.036391188
2009.1;1067.66;23.4;1.02212436;0.001826424;1.023950784
2009.11;1088.07;22.91;1.019116573;0.001754636;1.020871209
2009.12;1110.38;22.41;1.020504196;0.001681857;1.022186053
2010.01;1123.58;22.24;1.011887822;0.001649489;1.013537311
2010.02;1089.16;22.07;0.969365777;0.00168861;0.971054387
2010.03;1152.05;21.9;1.057741746;0.001584133;1.059325879
2010.04;1197.32;21.95;1.039295169;0.001527717;1.040822886
2010.05;1125.06;21.99;0.939648548;0.001628802;0.94127735
2010.06;1083.36;22.04;0.96293531;0.001695343;0.964630653
2010.07;1079.8;22.14;0.996713927;0.00170865;0.998422577
2010.08;1087.28;22.25;1.006927209;0.001705326;1.008632535
2010.09;1122.08;22.35;1.032006475;0.001659864;1.033666339
2010.1;1171.58;22.48;1.044114502;0.00159898;1.045713482
2010.11;1198.89;22.6;1.023310401;0.001570898;1.024881299
2010.12;1241.53;22.73;1.035566232;0.001525671;1.037091903
2011.01;1282.62;22.96;1.03309626;0.001491738;1.034587998
2011.02;1321.12;23.2;1.030016685;0.001463405;1.03148009
2011.03;1304.49;23.43;0.987412196;0.001496754;0.98890895
2011.04;1331.51;23.73;1.020713076;0.001485156;1.022198232
2011.05;1338.31;24.04;1.005106984;0.001496913;1.006603897
2011.06;1287.29;24.34;0.961877293;0.001575662;0.963452955
2011.07;1325.19;24.62;1.029441695;0.001548206;1.030989901
2011.08;1185.31;24.9;0.894445325;0.001750597;0.896195922
2011.09;1173.88;25.18;0.990356953;0.001787519;0.992144472
2011.1;1207.22;25.6;1.02840154;0.001767145;1.030168685
2011.11;1226.42;26.01;1.015904309;0.001767339;1.017671648
2011.12;1243.32;26.43;1.013779945;0.001771467;1.015551412
2012.01;1300.58;26.74;1.046054113;0.001713338;1.047767451
2012.02;1352.49;27.04;1.039912962;0.001666063;1.041579025
2012.03;1389.24;27.35;1.027172105;0.001640585;1.02881269
2012.04;1386.43;27.67;0.997977311;0.001663144;0.999640455
2012.05;1341.27;28;0.967427133;0.001739645;0.969166778
2012.06;1323.48;28.32;0.986736451;0.001783178;0.988519629
2012.07;1359.78;28.74;1.027427691;0.001761314;1.029189005
2012.08;1403.45;29.17;1.032115489;0.001732041;1.03384753
2012.09;1443.42;29.59;1.028479818;0.001708327;1.030188145
2012.1;1437.82;30.14;0.996120325;0.001746858;0.997867183
2012.11;1394.51;30.7;0.96987801;0.001834575;0.971712585
2012.12;1422.29;31.25;1.019920976;0.001830967;1.021751943
2013.01;1480.4;31.54;1.040856647;0.001775421;1.042632068
2013.02;1512.31;31.82;1.021554985;0.001753388;1.023308373
2013.03;1550.83;32.11;1.025470968;0.00172542;1.027196388
2013.04;1570.7;32.5;1.012812494;0.001724284;1.014536778
2013.05;1639.84;32.88;1.04401859;0.001670895;1.045689485
2013.06;1618.77;33.27;0.987151185;0.00171272;0.988863905
2013.07;1668.68;33.65;1.030832051;0.00168047;1.032512521
2013.08;1670.09;34.02;1.000844979;0.001697513;1.002542492
2013.09;1687.17;34.4;1.010226994;0.001699098;1.011926092
2013.1;1720.03;34.6;1.019476401;0.001676327;1.021152728
2013.11;1783.54;34.79;1.036923775;0.001625513;1.038549288
2013.12;1807.78;34.99;1.013590948;0.001612936;1.015203884
2014.01;1822.36;35.4;1.008065141;0.00161878;1.009683921
2014.02;1817.04;35.82;0.997080709;0.001642782;0.998723491
2014.03;1863.52;36.23;1.025580064;0.001620142;1.027200206
2014.04;1864.26;36.61;1.000397098;0.001636485;1.002033583
2014.05;1889.77;37;1.013683714;0.001631592;1.015315306
2014.06;1947.09;37.38;1.030331733;0.001599823;1.031931556
2014.07;1973.1;37.75;1.013358396;0.001594361;1.014952757
2014.08;1961.53;38.12;0.994136131;0.001619484;0.995755615
2014.09;1993.23;38.49;1.016160854;0.001609197;1.017770051
2014.1;1937.27;38.81;0.971924966;0.001669445;0.973594411
2014.11;2044.57;39.12;1.05538722;0.001594467;1.056981687
2014.12;2054.27;39.44;1.004744274;0.00159992;1.006344194
2015.01;2028.18;39.9;0.987299625;0.001639401;0.988939026
2015.02;2082.2;40.35;1.026634717;0.001614878;1.028249595
2015.03;2079.99;40.81;0.998938623;0.001635024;1.000573647
2015.04;2094.86;41.12;1.007149073;0.00163575;1.008784823
2015.05;2111.94;41.43;1.008153289;0.001634753;1.009788042
2015.06;2099.29;41.74;0.994010247;0.001656909;0.995667156
2015.07;2094.14;42;0.99754679;0.00167133;0.99921812
2015.08;2039.87;42.25;0.974084827;0.001726009;0.975810836
2015.09;1944.41;42.51;0.9532029;0.001821889;0.955024789
2015.1;2024.81;42.8;1.041349304;0.001761482;1.043110786
2015.11;2080.62;43.1;1.02756308;0.001726248;1.029289328
2015.12;2054.08;43.39;0.987244187;0.001760318;0.989004505
2016.01;1918.6;43.55;0.934043465;0.00189157;0.935935035
2016.02;1904.42;43.72;0.992609194;0.001913093;0.994522287
2016.03;2021.95;43.88;1.061714328;0.001808485;1.063522813
2016.04;2075.54;44.07;1.026504117;0.001769419;1.028273536
2016.05;2065.55;44.27;0.995186795;0.001786046;0.996972841
2016.06;2083.89;44.46;1.008878991;0.001777925;1.010656916
2016.07;2148.9;44.65;1.031196464;0.001731506;1.03292797
2016.08;2170.95;44.84;1.010261064;0.001721213;1.011982277
2016.09;2157.69;45.03;0.993892075;0.001739128;0.995631203
2016.1;2143.02;45.25;0.993201062;0.001759588;0.99496065
2016.11;2164.99;45.48;1.010251888;0.001750585;1.012002473
2016.12;2246.63;45.7;1.037709181;0.001695132;1.039404313
2017.01;2275.12;45.93;1.012681216;0.001682329;1.014363545
2017.02;2329.91;46.15;1.024082246;0.001650636;1.025732882
2017.03;2366.82;46.38;1.015841814;0.001632993;1.017474807
2017.04;2359.31;46.66;0.996826966;0.001648081;0.998475047
2017.05;2395.35;46.94;1.015275653;0.001633025;1.016908678
2017.06;2433.99;47.22;1.016131254;0.001616687;1.017747941
2017.07;2454.1;47.54;1.008262154;0.001614305;1.009876459
2017.08;2456.22;47.85;1.00086386;0.001623429;1.002487289
2017.09;2492.84;48.17;1.014909088;0.001610279;1.016519367
2017.1;2557;48.42;1.025737713;0.001578021;1.027315734
2017.11;2593.61;48.68;1.01431756;0.0015641;1.01588166
2017.12;2664.34;48.93;1.02727087;0.001530398;1.028801268
2018.01;2789.8;49.29;1.047088585;0.001472328;1.048560913
2018.02;2705.16;49.64;0.969660908;0.001529176;0.971190084
2018.03;2702.77;50;0.999116503;0.001541628;1.000658131
2018.04;2653.63;50.33;0.981818653;0.001580539;0.983399192
2018.05;2701.49;50.66;1.018035672;0.001562718;1.01959839
2018.06;2754.35;50.99;1.01956698;0.001542711;1.021109691
2018.07;2793.64;51.44;1.014264709;0.001534438;1.015799147
2018.08;2857.82;51.89;1.022973611;0.0015131;1.024486711
2018.09;2901.5;52.34;1.015284378;0.001503245;1.016787623
2018.1;2785.46;52.81;0.960006893;0.001579931;0.961586824
2018.11;2723.23;53.28;0.977658986;0.001630417;0.979289403
2018.12;2567.31;53.75;0.942744462;0.001744693;0.944489155
2019.01;2607.39;54.15;1.015611671;0.001730658;1.017342329
2019.02;2754.86;54.54;1.056558474;0.001649812;1.058208286
2019.03;2803.98;54.94;1.017830307;0.001632798;1.019463105
2019.04;2903.8;55.32;1.035599398;0.001587575;1.037186973
2019.05;2854.71;55.7;0.983094566;0.001625968;0.984720534
2019.06;2890.17;56.08;1.012421577;0.001616975;1.014038552
2019.07;2996.11;56.46;1.036655283;0.00157037;1.038225653
2019.08;2897.5;56.84;0.967087323;0.001634743;0.968722066
2019.09;2982.16;57.22;1.029218292;0.001598953;1.030817245
2019.1;2977.68;57.56;0.998497733;0.001610874;1.000108607
2019.11;3104.9;57.9;1.042724537;0.001553995;1.044278532
2019.12;3176.75;58.24;1.023140842;0.001527767;1.024668609
2020.01;3278.2;58.69;1.031935154;0.001491926;1.03342708
2020.02;3277.31;59.13;0.99972851;0.00150352;1.00123203
2020.03;2652.39;59.58;0.809319228;0.001871897;0.811191125
2020.04;2761.98;59.61;1.041317453;0.001798529;1.043115982
2020.05;2919.62;59.65;1.057074997;0.001702562;1.058777559
2020.06;3104.66;59.68;1.063378111;0.001601893;1.064980004
2020.07;3207.62;59.4;1.033163052;0.0015432;1.034706252
2020.08;3391.71;59.13;1.057391462;0.001452807;1.058844269
2020.09;3365.52;58.85;0.992278231;0.001457179;0.99373541
